ymd,high,low,tianqi,fengxiang,fengli,aqi,aqiInfo,aqiLevel
2017-01-01,16,10,晴~多云,东南风,1-2级,54,良,2
2017-01-02,15,8,多云,北风,1-2级,92,良,2
2017-01-03,14,9,晴~多云,东风,1-2级,131,轻度污染,3
2017-01-04,15,11,小雨~中雨,东风,1-2级,75,良,2
2017-01-05,12,11,中雨~小雨,东风,1-2级,44,优,1
2017-01-06,14,11,小雨~中雨,东风,1-2级,36,优,1
2017-01-07,13,9,小雨,东风,1-2级,29,优,1
2017-01-08,10,5,小雨~阴,西北风,3-4级,105,轻度污染,3
2017-01-09,8,4,多云,北风,1-2级,82,良,2
2017-01-10,9,6,多云~阴,北风,1-2级,109,轻度污染,3
2017-01-11,9,5,小雨,东北风,1-2级,50,优,1
2017-01-12,8,3,小雨~多云,西北风,1-2级,72,良,2
2017-01-13,11,2,晴,西北风,1-2级,127,轻度污染,3
2017-01-14,8,3,多云~阴,北风,1-2级,47,优,1
2017-01-15,7,2,多云,东北风,1-2级,27,优,1
2017-01-16,8,5,多云,东北风,1-2级,31,优,1
2017-01-17,10,7,阴~小雨,东风,1-2级,58,良,2
2017-01-18,9,7,小雨,东风,1-2级,50,优,1
2017-01-19,9,0,小雨~阴,北风,1-2级,102,轻度污染,3
2017-01-20,3,-1,晴~多云,西北风,3-4级,103,轻度污染,3
2017-01-21,6,0,晴~多云,西风,1-2级,48,优,1
2017-01-22,6,0,晴,西北风,1-2级,70,良,2
2017-01-23,7,1,晴,北风,1-2级,39,优,1
2017-01-24,9,3,多云,东北风,1-2级,40,优,1
2017-01-25,10,4,多云~晴,东风,1-2级,75,良,2
2017-01-26,13,5,晴~多云,南风,1-2级,77,良,2
2017-01-27,10,5,多云,东北风,3-4级,77,良,2
2017-01-28,15,8,多云,东南风,1-2级,63,良,2
2017-01-29,20,4,多云~小雨,西南风,1-2级,82,良,2
2017-01-30,6,2,多云,北风,3-4级,42,优,1
2017-01-31,7,3,多云~小雨,东北风,1-2级,26,优,1
2017-02-01,7,4,多云,北风,3-4级,40,优,1
2017-02-02,7,5,多云~小雨,东北风,1-2级,46,优,1
2017-02-03,10,8,小雨,东南风,1-2级,27,优,1
2017-02-04,11,6,小雨~阴,西北风,1-2级,68,良,2
2017-02-05,12,4,晴,西北风,1-2级,146,轻度污染,3
2017-02-06,10,3,晴~多云,东北风,3-4级,104,轻度污染,3
2017-02-07,9,5,阴~小雨,东北风,1-2级,29,优,1
2017-02-08,6,1,小雨~雨夹雪,北风,3-4级,27,优,1
2017-02-09,5,-1,多云~晴,西北风,3-4级,94,良,2
2017-02-10,6,-1,晴,西北风,3-4级,65,良,2
2017-02-11,8,1,晴,西北风,1-2级,58,良,2
2017-02-12,11,2,晴,西风,1-2级,89,良,2
2017-02-13,13,4,晴,南风,1-2级,84,良,2
2017-02-14,14,6,晴~多云,东南风,1-2级,90,良,2
2017-02-15,15,8,晴~阴,东南风,1-2级,93,良,2
2017-02-16,19,8,阵雨~多云,西南风,1-2级,59,良,2
2017-02-17,12,6,小雨,东北风,3-4级,81,良,2
2017-02-18,12,6,多云~晴,东风,1-2级,35,优,1
2017-02-19,19,7,多云~小雨,南风,3-4级,55,良,2
2017-02-20,14,5,小雨~阴,东北风,3-4级,79,良,2
2017-02-21,11,6,小雨,东南风,3-4级,45,优,1
2017-02-22,10,4,小雨~阴,西北风,3-4级,66,良,2
2017-02-23,7,2,阴~多云,西北风,3-4级,116,轻度污染,3
2017-02-24,9,2,多云,北风,1-2级,58,良,2
2017-02-25,12,4,多云,西南风,1-2级,102,轻度污染,3
2017-02-26,14,6,多云~晴,西南风,1-2级,153,中度污染,4
2017-02-27,14,7,晴,东北风,1-2级,78,良,2
2017-02-28,15,8,多云,东南风,1-2级,59,良,2
2017-03-01,15,4,小雨,西北风,3-4级,73,良,2
2017-03-02,9,2,晴,西北风,1-2级,67,良,2
2017-03-03,13,6,多云,东南风,1-2级,71,良,2
2017-03-04,18,10,多云~阵雨,东南风,1-2级,79,良,2
2017-03-05,13,7,小雨~阴,北风,1-2级,92,良,2
2017-03-06,12,4,多云,东北风,3-4级,53,良,2
2017-03-07,14,5,晴~多云,西风,1-2级,59,良,2
2017-03-08,13,6,晴,西北风,1-2级,61,良,2
2017-03-09,17,8,晴~多云,西南风,1-2级,100,良,2
2017-03-10,19,10,多云,南风,1-2级,93,良,2
2017-03-11,15,11,多云~阴,东南风,1-2级,72,良,2
2017-03-12,15,8,小雨~中雨,东风,1-2级,47,优,1
2017-03-13,11,7,中雨~阴,东北风,3-4级,46,优,1
2017-03-14,12,5,多云~晴,北风,1-2级,48,优,1
2017-03-15,14,7,多云~阴,东北风,1-2级,51,良,2
2017-03-16,12,7,阴~多云,东风,1-2级,40,优,1
2017-03-17,14,9,多云~小雨,东风,1-2级,52,良,2
2017-03-18,14,11,阴~小雨,东风,1-2级,46,优,1
2017-03-19,13,11,小雨~中雨,东风,1-2级,54,良,2
2017-03-20,13,9,小雨~阴,东风,1-2级,61,良,2
2017-03-21,15,8,多云~阴,北风,1-2级,86,良,2
2017-03-22,11,9,小雨,东风,1-2级,32,优,1
2017-03-23,12,8,阴~小雨,东北风,1-2级,33,优,1
2017-03-24,12,8,小雨~阴,东北风,1-2级,57,良,2
2017-03-25,16,8,多云,北风,1-2级,97,良,2
2017-03-26,17,8,多云~晴,西北风,3-4级,108,轻度污染,3
2017-03-27,20,12,晴,西南风,1-2级,88,良,2
2017-03-28,21,11,多云~阴,南风,3-4级,68,良,2
2017-03-29,18,10,多云,北风,1-2级,85,良,2
2017-03-30,14,9,小雨~中雨,东风,3-4级,61,良,2
2017-03-31,15,8,阴~晴,北风,3-4级,55,良,2
2017-04-01,16,8,多云,西北风,1-2级,89,良,2
2017-04-02,21,10,晴,西北风,1-2级,112,轻度污染,3
2017-04-03,22,13,晴~多云,东南风,1-2级,90,良,2
2017-04-04,19,15,多云~小雨,东南风,3-4级,68,良,2
2017-04-05,21,16,小雨,南风,1-2级,61,良,2
2017-04-06,22,15,中雨,东北风,1-2级,97,良,2
2017-04-07,18,13,阵雨~阴,北风,1-2级,63,良,2
2017-04-08,20,13,多云~阵雨,东风,1-2级,83,良,2
2017-04-09,13,11,阵雨~小雨,东北风,3-4级,50,优,1
2017-04-10,15,11,小雨,北风,1-2级,41,优,1
2017-04-11,14,11,小雨~多云,北风,1-2级,71,良,2
2017-04-12,17,10,多云~晴,东北风,1-2级,93,良,2
2017-04-13,21,12,晴,东南风,3-4级,64,良,2
2017-04-14,25,16,晴,南风,1-2级,65,良,2
2017-04-15,30,18,晴~多云,西南风,1-2级,70,良,2
2017-04-16,27,19,阵雨~中雨,东南风,1-2级,66,良,2
2017-04-17,25,16,阵雨~多云,西风,3-4级,74,良,2
2017-04-18,28,15,晴,西北风,3-4级,89,良,2
2017-04-19,25,17,多云~阵雨,东南风,3-4级,81,良,2
2017-04-20,24,15,小雨~阴,西北风,1-2级,70,良,2
2017-04-21,23,14,阴~多云,西北风,1-2级,73,良,2
2017-04-22,21,12,多云~晴,西北风,1-2级,57,良,2
2017-04-23,23,14,晴,东南风,1-2级,67,良,2
2017-04-24,25,16,晴~多云,东南风,1-2级,73,良,2
2017-04-25,25,16,阵雨~中雨,东南风,1-2级,64,良,2
2017-04-26,20,14,小雨~阴,东北风,3-4级,41,优,1
2017-04-27,22,14,多云~晴,北风,1-2级,46,优,1
2017-04-28,26,17,晴,西南风,1-2级,72,良,2
2017-04-29,28,18,晴,西南风,1-2级,89,良,2
2017-04-30,30,19,晴~多云,南风,1-2级,77,良,2
2017-05-01,29,18,多云~小雨,东南风,1-2级,54,良,2
2017-05-02,21,18,中雨~小雨,东风,3-4级,35,优,1
2017-05-03,22,18,阴~小雨,东南风,1-2级,36,优,1
2017-05-04,23,18,中雨~阴,东南风,3-4级,37,优,1
2017-05-05,23,17,小雨~多云,西北风,1-2级,65,良,2
2017-05-06,24,16,多云,东北风,1-2级,125,轻度污染,3
2017-05-07,26,18,多云~阵雨,东南风,1-2级,150,轻度污染,3
2017-05-08,20,18,中雨~阵雨,东南风,3-4级,75,良,2
2017-05-09,24,18,多云~晴,西风,3-4级,65,良,2
2017-05-10,30,20,晴~多云,南风,1-2级,97,良,2
2017-05-11,32,18,多云~中雨,南风,1-2级,87,良,2
2017-05-12,21,18,中雨~多云,东北风,3-4级,53,良,2
2017-05-13,31,19,晴,西南风,1-2级,77,良,2
2017-05-14,27,19,多云,东北风,1-2级,85,良,2
2017-05-15,24,18,阵雨~小雨,东风,1-2级,57,良,2
2017-05-16,22,17,阵雨~多云,东北风,1-2级,41,优,1
2017-05-17,28,17,晴,东南风,1-2级,51,良,2
2017-05-18,29,19,晴~多云,东南风,1-2级,53,良,2
2017-05-19,27,20,多云,东南风,3-4级,54,良,2
2017-05-20,27,20,多云,东南风,3-4级,44,优,1
2017-05-21,27,20,多云,东南风,3-4级,41,优,1
2017-05-22,28,21,多云,东南风,1-2级,36,优,1
2017-05-23,27,20,阵雨,东南风,1-2级,37,优,1
2017-05-24,24,18,小雨~多云,北风,3-4级,31,优,1
2017-05-25,29,19,多云~晴,北风,1-2级,56,良,2
2017-05-26,28,19,晴,东北风,1-2级,76,良,2
2017-05-27,30,21,晴,东南风,1-2级,57,良,2
2017-05-28,32,21,晴,东风,1-2级,67,良,2
2017-05-29,32,22,晴~多云,东南风,1-2级,45,优,1
2017-05-30,31,24,多云~阴,东南风,3-4级,45,优,1
2017-05-31,31,24,小雨~阴,西南风,1-2级,73,良,2
2017-06-01,32,22,阵雨~阴,东南风,1-2级,109,轻度污染,3
2017-06-02,29,19,多云~晴,东北风,1-2级,81,良,2
2017-06-03,29,20,晴~多云,东风,1-2级,41,优,1
2017-06-04,28,21,晴~多云,东风,1-2级,38,优,1
2017-06-05,24,21,中雨,东风,3-4级,37,优,1
2017-06-06,26,21,阵雨~多云,南风,1-2级,46,优,1
2017-06-07,30,21,多云,西北风,1-2级,80,良,2
2017-06-08,31,23,晴~多云,东南风,1-2级,123,轻度污染,3
2017-06-09,30,23,多云~中雨,南风,1-2级,101,轻度污染,3
2017-06-10,26,22,暴雨~小雨,东风,3-4级,45,优,1
2017-06-11,27,21,多云~阵雨,东北风,1-2级,34,优,1
2017-06-12,24,21,阵雨,东风,1-2级,34,优,1
2017-06-13,25,20,阵雨~阴,东风,1-2级,33,优,1
2017-06-14,26,20,多云,东北风,1-2级,39,优,1
2017-06-15,27,21,多云,东南风,1-2级,51,良,2
2017-06-16,28,20,多云,东南风,1-2级,57,良,2
2017-06-17,29,21,晴~多云,东风,1-2级,60,良,2
2017-06-18,28,22,多云~阴,东南风,3-4级,49,优,1
2017-06-19,27,23,阵雨,东南风,1-2级,33,优,1
2017-06-20,28,23,阵雨~阴,东风,1-2级,44,优,1
2017-06-21,28,23,阵雨~阴,东南风,1-2级,51,良,2
2017-06-22,27,22,阴,东风,1-2级,29,优,1
2017-06-23,27,23,阵雨~中雨,东风,1-2级,73,良,2
2017-06-24,27,23,中雨~阵雨,东南风,1-2级,48,优,1
2017-06-25,26,22,中雨~小雨,西南风,1-2级,68,良,2
2017-06-26,28,22,阵雨~阴,西风,1-2级,114,轻度污染,3
2017-06-27,29,23,雷阵雨~阴,南风,1-2级,128,轻度污染,3
2017-06-28,28,23,阵雨~大雨,东南风,1-2级,76,良,2
2017-06-29,28,24,中雨~阵雨,东南风,1-2级,49,优,1
2017-06-30,31,26,阵雨~多云,南风,1-2级,56,良,2
2017-07-01,34,26,雷阵雨~多云,南风,1-2级,68,良,2
2017-07-02,34,26,阵雨~阴,南风,3-4级,40,优,1
2017-07-03,33,26,中雨~阴,南风,1-2级,47,优,1
2017-07-04,34,25,雷阵雨~阵雨,西南风,1-2级,39,优,1
2017-07-05,34,26,小雨,南风,1-2级,55,良,2
2017-07-06,34,27,雷阵雨~多云,南风,1-2级,54,良,2
2017-07-07,34,28,雷阵雨~多云,西南风,1-2级,54,良,2
2017-07-08,35,28,中雨~小雨,南风,1-2级,54,良,2
2017-07-09,34,27,阵雨~阴,南风,1-2级,42,优,1
2017-07-10,33,25,小雨,西南风,3-4级,42,优,1
2017-07-11,33,28,阵雨~多云,南风,1-2级,51,良,2
2017-07-12,37,28,小雨~多云,南风,1-2级,71,良,2
2017-07-13,37,29,多云,南风,1-2级,79,良,2
2017-07-14,36,29,阴~多云,西南风,1-2级,79,良,2
2017-07-15,37,28,晴~多云,南风,3-4级,72,良,2
2017-07-16,37,29,多云~晴,南风,1-2级,56,良,2
2017-07-17,37,29,晴~多云,南风,1-2级,40,优,1
2017-07-18,37,29,晴~多云,西南风,1-2级,75,良,2
2017-07-19,37,29,多云,西南风,1-2级,80,良,2
2017-07-20,39,30,晴~多云,西南风,1-2级,78,良,2
2017-07-21,40,30,晴~多云,西南风,1-2级,89,良,2
2017-07-22,40,31,多云~晴,南风,1-2级,90,良,2
2017-07-23,40,30,晴~多云,南风,1-2级,85,良,2
2017-07-24,40,31,晴~多云,南风,1-2级,91,良,2
2017-07-25,40,30,晴~多云,北风,1-2级,90,良,2
2017-07-26,38,29,晴~多云,东风,1-2级,84,良,2
2017-07-27,37,29,晴~多云,东南风,1-2级,74,良,2
2017-07-28,36,29,晴~多云,东南风,1-2级,38,优,1
2017-07-29,36,29,阵雨~多云,东南风,1-2级,31,优,1
2017-07-30,32,28,大雨~小雨,东南风,3-4级,34,优,1
2017-07-31,34,29,雷阵雨,东南风,4-5级,39,优,1
2017-08-01,35,29,中雨~多云,东南风,4-5级,45,优,1
2017-08-02,35,29,多云,东南风,3-4级,41,优,1
2017-08-03,36,29,晴~多云,东南风,4-5级,58,良,2
2017-08-04,37,29,多云~雷阵雨,东南风,1-2级,68,良,2
2017-08-05,35,28,中雨~小雨,西北风,1-2级,81,良,2
2017-08-06,35,28,多云,西风,1-2级,122,轻度污染,3
2017-08-07,38,28,特大暴雨~多云,北风,1-2级,116,轻度污染,3
2017-08-08,35,28,小雨,西南风,3-4级,57,良,2
2017-08-09,28,26,中雨~大雨,西风,3-4级,30,优,1
2017-08-10,33,27,小雨~多云,西风,1-2级,71,良,2
2017-08-11,35,28,小雨~多云,南风,1-2级,104,轻度污染,3
2017-08-12,32,28,阴~小雨,东风,1-2级,67,良,2
2017-08-13,34,28,小雨,南风,1-2级,52,良,2
2017-08-14,32,26,小雨~中雨,西风,1-2级,36,优,1
2017-08-15,34,26,小雨,西风,1-2级,81,良,2
2017-08-16,32,26,大雨~中雨,西南风,1-2级,59,良,2
2017-08-17,33,27,小雨,东北风,1-2级,56,良,2
2017-08-18,33,26,小雨~多云,东南风,1-2级,55,良,2
2017-08-19,35,27,阴~多云,南风,3-4级,70,良,2
2017-08-20,33,26,中雨,西南风,1-2级,35,优,1
2017-08-21,33,27,小雨~多云,东风,1-2级,49,优,1
2017-08-22,34,27,小雨~阴,东南风,3-4级,28,优,1
2017-08-23,35,28,多云,东南风,3-4级,34,优,1
2017-08-24,36,28,小雨~多云,东南风,1-2级,47,优,1
2017-08-25,34,26,中雨,西风,1-2级,54,良,2
2017-08-26,30,26,小雨,东北风,3-4级,36,优,1
2017-08-27,33,28,小雨~多云,东南风,1-2级,34,优,1
2017-08-28,36,27,小雨~多云,南风,1-2级,49,优,1
2017-08-29,31,26,暴雨,东北风,1-2级,40,优,1
2017-08-30,28,25,小雨~多云,东北风,1-2级,35,优,1
2017-08-31,27,24,多云~阵雨,东北风,1-2级,39,优,1
2017-09-01,29,22,晴~多云,东北风,3-4级,43,优,1
2017-09-02,29,25,阴~多云,东风,1-2级,46,优,1
2017-09-03,29,26,小雨~多云,东风,1-2级,36,优,1
2017-09-04,30,26,阴~多云,东南风,3-4级,33,优,1
2017-09-05,34,27,小雨~阴,西南风,1-2级,54,良,2
2017-09-06,31,24,小雨~大雨,东北风,1-2级,80,良,2
2017-09-07,27,24,小雨~多云,北风,1-2级,44,优,1
2017-09-08,29,24,多云~阴,东北风,1-2级,31,优,1
2017-09-09,28,25,阵雨,东风,1-2级,35,优,1
2017-09-10,33,24,小雨,东南风,3-4级,47,优,1
2017-09-11,28,24,小雨,西北风,1-2级,41,优,1
2017-09-12,28,23,晴~多云,东北风,3-4级,43,优,1
2017-09-13,28,23,晴,东北风,1-2级,62,良,2
2017-09-14,27,23,阴~小雨,无持续风向,4-5级,44,优,1
2017-09-15,27,23,小雨~阴,北风,4-5级,39,优,1
2017-09-16,27,22,阴~多云,北风,5-6级,39,优,1
2017-09-17,29,20,多云,西风,1-2级,43,优,1
2017-09-18,29,23,晴~多云,东南风,1-2级,87,良,2
2017-09-19,30,22,多云~小雨,东南风,1-2级,103,轻度污染,3
2017-09-20,23,20,大雨~小雨,东风,1-2级,45,优,1
2017-09-21,24,20,小雨,东北风,1-2级,34,优,1
2017-09-22,25,21,小雨,东风,1-2级,46,优,1
2017-09-23,23,19,中雨~小雨,东风,1-2级,45,优,1
2017-09-24,23,20,小雨~大雨,东风,3-4级,27,优,1
2017-09-25,26,24,小雨,东南风,1-2级,27,优,1
2017-09-26,29,23,阴~小雨,西风,1-2级,69,良,2
2017-09-27,28,22,小雨,西北风,1-2级,79,良,2
2017-09-28,25,19,多云~晴,北风,1-2级,44,优,1
2017-09-29,25,20,多云~中雨,东风,1-2级,47,优,1
2017-09-30,24,21,小雨,东南风,3-4级,34,优,1
2017-10-01,31,23,小雨~大雨,南风,1-2级,45,优,1
2017-10-02,26,20,小雨,东北风,3-4级,45,优,1
2017-10-03,23,20,多云,东北风,3-4级,49,优,1
2017-10-04,22,18,阴~小雨,东北风,3-4级,35,优,1
2017-10-05,22,18,小雨,北风,1-2级,35,优,1
2017-10-06,22,17,阴~晴,西北风,1-2级,70,良,2
2017-10-07,25,20,多云,东风,1-2级,76,良,2
2017-10-08,28,21,晴,东风,3-4级,43,优,1
2017-10-09,29,22,多云,东南风,1-2级,41,优,1
2017-10-10,29,24,阴~小雨,东南风,1-2级,39,优,1
2017-10-11,23,21,小雨,北风,1-2级,27,优,1
2017-10-12,21,18,小雨~阴,东北风,1-2级,32,优,1
2017-10-13,21,18,多云~阴,东北风,3-4级,32,优,1
2017-10-14,20,18,小雨~中雨,东北风,3-4级,40,优,1
2017-10-15,20,18,大雨~暴雨,东北风,5-6级,31,优,1
2017-10-16,20,17,小雨,东北风,5-6级,28,优,1
2017-10-17,21,18,小雨~阴,东北风,3-4级,39,优,1
2017-10-18,21,17,小雨~多云,北风,3-4级,46,优,1
2017-10-19,21,17,小雨,北风,1-2级,43,优,1
2017-10-20,23,17,多云,北风,4-5级,37,优,1
2017-10-21,21,17,晴,北风,4-5级,48,优,1
2017-10-22,22,16,晴~多云,北风,4-5级,87,良,2
2017-10-23,20,15,多云,西北风,1-2级,61,良,2
2017-10-24,20,14,晴,北风,1-2级,50,优,1
2017-10-25,20,15,晴,东北风,1-2级,46,优,1
2017-10-26,21,15,多云,东北风,1-2级,47,优,1
2017-10-27,21,15,晴,东北风,1-2级,49,优,1
2017-10-28,22,16,晴~多云,北风,3-4级,55,良,2
2017-10-29,20,12,阴~晴,北风,4-5级,79,良,2
2017-10-30,15,12,多云,北风,1-2级,44,优,1
2017-10-31,18,13,多云,东北风,1-2级,43,优,1
2017-11-01,22,14,晴,东南风,1-2级,49,优,1
2017-11-02,22,14,多云,东风,1-2级,67,良,2
2017-11-03,21,11,多云,北风,4-5级,132,轻度污染,3
2017-11-04,15,11,多云,北风,3-4级,35,优,1
2017-11-05,17,13,多云,东风,1-2级,36,优,1
2017-11-06,21,16,多云~阴,东南风,1-2级,56,良,2
2017-11-07,21,15,小雨~多云,西风,1-2级,124,轻度污染,3
2017-11-08,22,13,多云~晴,东北风,4-5级,149,轻度污染,3
2017-11-09,21,14,晴~多云,东风,1-2级,48,优,1
2017-11-10,22,13,多云~阴,西北风,3-4级,70,良,2
2017-11-11,16,11,多云,北风,3-4级,49,优,1
2017-11-12,18,13,多云~阴,东北风,1-2级,51,良,2
2017-11-13,19,15,小雨,东风,1-2级,53,良,2
2017-11-14,18,13,小雨,东北风,4-5级,65,良,2
2017-11-15,18,13,多云,东北风,1-2级,60,良,2
2017-11-16,17,15,小雨,东风,1-2级,39,优,1
2017-11-17,20,12,小雨~多云,东北风,5-6级,26,优,1
2017-11-18,11,6,阴~多云,北风,5-6级,37,优,1
2017-11-19,11,9,晴~小雨,东北风,3-4级,44,优,1
2017-11-20,12,7,阴~多云,东北风,1-2级,32,优,1
2017-11-21,14,10,小雨,东北风,1-2级,68,良,2
2017-11-22,14,7,阴~多云,西北风,3-4级,91,良,2
2017-11-23,12,5,晴~多云,西北风,1-2级,74,良,2
2017-11-24,14,7,晴~多云,西风,1-2级,92,良,2
2017-11-25,16,9,多云,南风,1-2级,83,良,2
2017-11-26,17,8,晴,西北风,3-4级,90,良,2
2017-11-27,17,13,晴~多云,东风,1-2级,64,良,2
2017-11-28,18,12,小雨,西南风,3-4级,78,良,2
2017-11-29,14,9,小雨,东北风,3-4级,125,轻度污染,3
2017-11-30,12,8,阴,北风,3-4级,42,优,1
2017-12-01,12,7,多云,东北风,3-4级,63,良,2
2017-12-02,14,9,多云~阴,东风,1-2级,52,良,2
2017-12-03,15,9,小雨~多云,东北风,3-4级,63,良,2
2017-12-04,11,5,多云,西北风,3-4级,121,轻度污染,3
2017-12-05,7,2,晴,西北风,3-4级,54,良,2
2017-12-06,11,3,晴,南风,1-2级,75,良,2
2017-12-07,13,4,晴~多云,北风,1-2级,122,轻度污染,3
2017-12-08,8,3,晴~多云,北风,3-4级,60,良,2
2017-12-09,9,4,多云,西风,3-4级,69,良,2
2017-12-10,11,4,多云~晴,西北风,3-4级,100,良,2
2017-12-11,10,5,晴,北风,1-2级,102,轻度污染,3
2017-12-12,10,6,晴~多云,东北风,3-4级,45,优,1
2017-12-13,11,7,多云~阴,东北风,3-4级,37,优,1
2017-12-14,8,7,小雨~阴,东北风,1-2级,39,优,1
2017-12-15,9,6,小雨,东北风,1-2级,31,优,1
2017-12-16,8,1,多云~晴,西北风,4-5级,84,良,2
2017-12-17,4,-2,晴,西北风,3-4级,66,良,2
2017-12-18,8,2,晴,西风,1-2级,70,良,2
2017-12-19,10,3,晴,北风,4-5级,74,良,2
2017-12-20,10,3,晴,西风,1-2级,74,良,2
2017-12-21,9,4,晴,北风,1-2级,103,轻度污染,3
2017-12-22,14,8,晴,东南风,1-2级,94,良,2
2017-12-23,16,8,多云~阴,南风,1-2级,81,良,2
2017-12-24,12,5,晴,西北风,4-5级,168,中度污染,4
2017-12-25,9,3,晴~多云,西北风,3-4级,84,良,2
2017-12-26,11,5,晴,东北风,1-2级,63,良,2
2017-12-27,12,6,多云~阴,东风,1-2级,61,良,2
2017-12-28,12,10,小雨,东南风,1-2级,36,优,1
2017-12-29,13,9,阴,东风,3-4级,49,优,1
2017-12-30,12,9,小雨~多云,西北风,4-5级,87,良,2
2017-12-31,10,3,晴,西北风,1-2级,220,重度污染,5
2018-01-01,10,5,晴,东北风,1-2级,139,轻度污染,3
2018-01-02,13,10,阴~小雨,东南风,3-4级,45,优,1
2018-01-03,9,5,小雨~中雨,东北风,3-4级,39,优,1
2018-01-04,6,5,中雨~小雨,东北风,4-5级,21,优,1
2018-01-05,7,3,阴~多云,北风,3-4级,37,优,1
2018-01-06,9,3,阴~小雨,东南风,1-2级,84,良,2
2018-01-07,11,4,小雨,西北风,3-4级,36,优,1
2018-01-08,4,-1,小雨~晴,西北风,4-5级,124,轻度污染,3
2018-01-09,4,-1,晴,西北风,4-5级,54,良,2
2018-01-10,6,-1,晴,西北风,4-5级,60,良,2
2018-01-11,5,-1,晴,西北风,3-4级,66,良,2
2018-01-12,4,-2,晴,西北风,3-4级,49,优,1
2018-01-13,6,1,晴~多云,西南风,1-2级,74,良,2
2018-01-14,12,5,多云,南风,1-2级,49,优,1
2018-01-15,15,7,多云~小雨,东风,1-2级,60,良,2
2018-01-16,14,8,小雨,西北风,1-2级,90,良,2
2018-01-17,14,5,多云,西北风,1-2级,148,轻度污染,3
2018-01-18,10,6,多云,东北风,3-4级,111,轻度污染,3
2018-01-19,11,8,阴~多云,北风,1-2级,164,中度污染,4
2018-01-20,10,7,小雨,东风,1-2级,120,轻度污染,3
2018-01-21,9,6,小雨,东风,1-2级,64,良,2
2018-01-22,12,4,多云,西北风,1-2级,61,良,2
2018-01-23,8,2,多云,东北风,3-4级,118,轻度污染,3
2018-01-24,4,1,阴~雨夹雪,东北风,3-4级,35,优,1
2018-01-25,3,0,小雪~中雪,东北风,4-5级,23,优,1
2018-01-26,2,0,多云~雨夹雪,东北风,4-5级,25,优,1
2018-01-27,3,1,小雨,东北风,1-2级,29,优,1
2018-01-28,4,0,雨夹雪~阴,北风,4-5级,31,优,1
2018-01-29,3,-2,晴~多云,西北风,3-4级,123,轻度污染,3
2018-01-30,4,0,晴~多云,北风,1-2级,233,重度污染,5
2018-01-31,3,-2,多云~晴,西北风,3-4级,221,重度污染,5
2018-02-01,6,0,晴~多云,西北风,1-2级,170,中度污染,4
2018-02-02,7,-2,多云,北风,1-2级,142,轻度污染,3
2018-02-03,2,-2,多云~晴,北风,4-5级,50,优,1
2018-02-04,3,-3,多云~晴,北风,3-4级,53,良,2
2018-02-05,5,-2,晴,西北风,1-2级,73,良,2
2018-02-06,4,-1,晴,北风,1-2级,54,良,2
2018-02-07,5,-1,晴,南风,1-2级,46,优,1
2018-02-08,6,1,晴~多云,西北风,4-5级,111,轻度污染,3
2018-02-09,10,4,阴~小雨,东南风,1-2级,87,良,2
2018-02-10,8,0,小雨~多云,北风,1-2级,110,轻度污染,3
2018-02-11,8,-1,晴,西北风,3-4级,91,良,2
2018-02-12,7,1,晴,西风,4-5级,93,良,2
2018-02-13,12,3,晴,南风,3-4级,57,良,2
2018-02-14,18,7,晴~阴,西南风,1-2级,64,良,2
2018-02-15,9,6,小雨,东北风,3-4级,60,良,2
2018-02-16,8,4,小雨~多云,北风,3-4级,33,优,1
2018-02-17,11,5,晴~多云,东风,1-2级,59,良,2
2018-02-18,11,8,小雨,东风,1-2级,35,优,1
2018-02-19,9,6,小雨,东北风,1-2级,34,优,1
2018-02-20,9,5,中雨~小雨,东北风,3-4级,63,良,2
2018-02-21,8,5,多云~小雨,东北风,1-2级,51,良,2
2018-02-22,9,4,阴~多云,西南风,3-4级,65,良,2
2018-02-23,14,6,晴~多云,东南风,3-4级,71,良,2
2018-02-24,13,7,小雨,东南风,1-2级,57,良,2
2018-02-25,11,4,多云,东北风,4-5级,50,优,1
2018-02-26,11,6,晴~多云,东南风,1-2级,56,良,2
2018-02-27,16,9,多云~中雨,东南风,3-4级,57,良,2
2018-02-28,15,8,小雨~多云,西北风,5-6级,47,优,1
2018-03-01,14,6,多云~小雨,东北风,4-5级,97,良,2
2018-03-02,12,7,小雨,东南风,4-5级,39,优,1
2018-03-03,21,12,小雨~多云,东南风,1-2级,46,优,1
2018-03-04,23,8,小雨~中雨,东南风,4-5级,46,优,1
2018-03-05,9,7,小雨~多云,北风,5-6级,44,优,1
2018-03-06,11,8,多云~小雨,东北风,3-4级,42,优,1
2018-03-07,10,6,小雨,东北风,3-4级,34,优,1
2018-03-08,10,3,阴~多云,北风,5-6级,64,良,2
2018-03-09,11,3,晴,北风,1-2级,61,良,2
2018-03-10,14,5,晴,南风,1-2级,85,良,2
2018-03-11,18,9,多云,东南风,3-4级,92,良,2
2018-03-12,19,11,多云~晴,南风,3-4级,44,优,1
2018-03-13,23,14,晴~多云,东南风,3-4级,44,优,1
2018-03-14,23,16,小雨,东南风,4-5级,38,优,1
2018-03-15,20,9,小雨,西南风,1-2级,63,良,2
2018-03-16,11,9,阴~多云,东北风,4-5级,45,优,1
2018-03-17,13,10,多云,东南风,3-4级,39,优,1
2018-03-18,15,9,小雨~中雨,东南风,1-2级,49,优,1
2018-03-19,11,7,小雨,北风,4-5级,46,优,1
2018-03-20,10,6,小雨,西北风,4-5级,68,良,2
2018-03-21,9,4,小雨~多云,西北风,3-4级,40,优,1
2018-03-22,15,8,多云,西南风,1-2级,103,轻度污染,3
2018-03-23,19,9,晴,东南风,1-2级,123,轻度污染,3
2018-03-24,21,13,多云,东南风,1-2级,87,良,2
2018-03-25,21,12,多云,东南风,4-5级,99,良,2
2018-03-26,21,13,阴~多云,东南风,1-2级,86,良,2
2018-03-27,23,14,晴~多云,东南风,1-2级,87,良,2
2018-03-28,26,16,晴,南风,1-2级,73,良,2
2018-03-29,23,13,阴,东南风,1-2级,49,优,1
2018-03-30,21,13,多云,东风,1-2级,40,优,1
2018-03-31,21,15,多云,东南风,3-4级,51,良,2
2018-04-01,26,16,多云,东南风,3-4级,73,良,2
2018-04-02,24,17,多云~阴,东南风,1-2级,87,良,2
2018-04-03,25,17,小雨,东南风,1-2级,71,良,2
2018-04-04,19,13,阴,北风,1-2级,52,良,2
2018-04-05,17,9,中雨,东北风,1-2级,43,优,1
2018-04-06,15,8,多云~晴,西北风,4-5级,98,良,2
2018-04-07,13,7,晴,西北风,4-5级,65,良,2
2018-04-08,21,12,晴,西南风,3-4级,69,良,2
2018-04-09,26,16,晴,南风,1-2级,76,良,2
2018-04-10,28,18,晴~多云,南风,3-4级,60,良,2
2018-04-11,25,16,多云~小雨,东北风,1-2级,103,轻度污染,3
2018-04-12,20,14,小雨,东风,4-5级,65,良,2
2018-04-13,19,15,小雨~中雨,东风,4-5级,49,优,1
2018-04-14,17,12,多云,西北风,3-4级,46,优,1
2018-04-15,19,10,多云~晴,北风,3-4级,89,良,2
2018-04-16,17,11,多云~晴,东风,1-2级,112,轻度污染,3
2018-04-17,21,12,晴,东南风,1-2级,60,良,2
2018-04-18,23,14,晴~多云,南风,3-4级,72,良,2
2018-04-19,26,16,晴,东南风,3-4级,69,良,2
2018-04-20,27,17,晴~多云,东南风,3-4级,62,良,2
2018-04-21,26,20,多云~小雨,东南风,3-4级,58,良,2
2018-04-22,26,20,小雨,东南风,3-4级,52,良,2
2018-04-23,24,15,中雨~小雨,东北风,4-5级,56,良,2
2018-04-24,17,12,晴,西北风,5-6级,36,优,1
2018-04-25,20,12,多云~阴,西北风,3-4级,75,良,2
2018-04-26,22,15,多云,东风,1-2级,51,良,2
2018-04-27,27,14,多云,西风,1-2级,103,轻度污染,3
2018-04-28,26,17,晴~多云,东南风,1-2级,147,轻度污染,3
2018-04-29,26,20,阵雨,东南风,1-2级,130,轻度污染,3
2018-04-30,30,21,小雨,南风,1-2级,116,轻度污染,3
2018-05-01,26,20,小雨,南风,1-2级,70,良,2
2018-05-02,25,15,小雨~阴,西北风,4-5级,85,良,2
2018-05-03,25,16,晴,西北风,3-4级,58,良,2
2018-05-04,27,19,晴~多云,东南风,1-2级,73,良,2
2018-05-05,23,20,中雨~小雨,南风,1-2级,47,优,1
2018-05-06,28,18,中雨~小雨,西南风,4-5级,61,良,2
2018-05-07,23,17,多云,北风,3-4级,49,优,1
2018-05-08,24,15,多云~晴,北风,3-4级,58,良,2
2018-05-09,25,16,多云,东风,1-2级,57,良,2
2018-05-10,24,17,多云,东南风,1-2级,47,优,1
2018-05-11,25,21,多云~小雨,东南风,3-4级,49,优,1
2018-05-12,28,21,小雨,南风,4-5级,98,良,2
2018-05-13,29,21,阴~多云,东北风,3-4级,117,轻度污染,3
2018-05-14,31,23,多云,东南风,4-5级,82,良,2
2018-05-15,34,25,多云,南风,1-2级,82,良,2
2018-05-16,36,26,晴~多云,南风,1-2级,74,良,2
2018-05-17,35,23,雷阵雨,西南风,1-2级,67,良,2
2018-05-18,31,21,小雨~多云,东北风,1-2级,76,良,2
2018-05-19,23,19,小雨~中雨,东风,3-4级,49,优,1
2018-05-20,22,20,小雨~阴,东北风,4-5级,33,优,1
2018-05-21,23,19,阴,东风,3-4级,40,优,1
2018-05-22,25,18,小雨,南风,1-2级,45,优,1
2018-05-23,26,17,多云~晴,北风,1-2级,79,良,2
2018-05-24,27,20,小雨,东南风,1-2级,87,良,2
2018-05-25,26,19,中雨~小雨,东南风,3-4级,52,良,2
2018-05-26,26,20,小雨~阴,东北风,3-4级,47,优,1
2018-05-27,26,19,阴~多云,北风,1-2级,53,良,2
2018-05-28,29,22,多云,西北风,1-2级,106,轻度污染,3
2018-05-29,26,20,多云,东南风,1-2级,145,轻度污染,3
2018-05-30,26,20,小雨,东南风,3-4级,121,轻度污染,3
2018-05-31,22,17,小雨~多云,东北风,1-2级,78,良,2
2018-06-01,26,19,晴,东北风,3-4级,72,良,2
2018-06-02,27,20,多云~阴,东南风,1-2级,57,良,2
2018-06-03,25,20,多云,东南风,1-2级,59,良,2
2018-06-04,28,21,多云~阴,东南风,1-2级,58,良,2
2018-06-05,26,21,小雨,西南风,1-2级,113,轻度污染,3
2018-06-06,27,21,多云,东南风,3-4级,92,良,2
2018-06-07,29,22,多云~阴,东南风,3-4级,51,良,2
2018-06-08,28,22,多云~阴,东风,1-2级,43,优,1
2018-06-09,27,21,小雨,东风,1-2级,40,优,1
2018-06-10,25,21,小雨~阴,北风,1-2级,63,良,2
2018-06-11,31,22,多云,西北风,1-2级,99,良,2
2018-06-12,32,23,晴,南风,3-4级,104,轻度污染,3
2018-06-13,34,23,晴,东南风,3-4级,100,良,2
2018-06-14,30,22,多云~阴,东南风,1-2级,54,良,2
2018-06-15,30,22,多云,东风,1-2级,40,优,1
2018-06-16,29,22,晴~多云,东风,1-2级,45,优,1
2018-06-17,28,23,多云,东南风,1-2级,44,优,1
2018-06-18,30,22,阴,东南风,4-5级,40,优,1
2018-06-19,30,24,小雨,东北风,3-4级,41,优,1
2018-06-20,25,22,中雨~多云,东北风,3-4级,30,优,1
2018-06-21,28,21,多云~阴,东北风,1-2级,35,优,1
2018-06-22,25,22,小雨~中雨,东风,1-2级,41,优,1
2018-06-23,26,20,小雨~多云,东风,3-4级,37,优,1
2018-06-24,28,23,小雨~阴,东南风,3-4级,38,优,1
2018-06-25,33,25,小雨~多云,东南风,3-4级,66,良,2
2018-06-26,37,27,阴~多云,西南风,1-2级,73,良,2
2018-06-27,37,28,多云,西南风,3-4级,56,良,2
2018-06-28,35,26,小雨~大雨,西南风,1-2级,54,良,2
2018-06-29,32,25,小雨~中雨,西南风,1-2级,50,优,1
2018-06-30,30,26,大雨~小雨,东南风,4-5级,34,优,1
2018-07-01,29,26,小雨~阴,东南风,4-5级,27,优,1
2018-07-02,32,25,阴,东风,1-2级,30,优,1
2018-07-03,31,26,雷阵雨~阴,东风,1-2级,33,优,1
2018-07-04,32,27,雷阵雨,东南风,1-2级,58,良,2
2018-07-05,29,25,中雨,东南风,3-4级,43,优,1
2018-07-06,27,24,中雨,东南风,3-4级,30,优,1
2018-07-07,30,27,多云~小雨,东北风,4-5级,27,优,1
2018-07-08,31,27,小雨~多云,南风,1-2级,50,优,1
2018-07-09,34,27,晴~多云,东南风,3-4级,35,优,1
2018-07-10,33,27,多云,东南风,3-4级,29,优,1
2018-07-11,32,27,阴~小雨,东南风,6-7级,39,优,1
2018-07-12,32,26,多云,东南风,6-7级,31,优,1
2018-07-13,35,27,多云,东南风,4-5级,28,优,1
2018-07-14,34,27,多云,东南风,1-2级,29,优,1
2018-07-15,34,27,晴~多云,东南风,3-4级,28,优,1
2018-07-16,34,27,多云,东南风,4-5级,25,优,1
2018-07-17,34,27,多云,东南风,3-4级,25,优,1
2018-07-18,33,26,多云,东南风,4-5级,26,优,1
2018-07-19,35,27,多云,东南风,1-2级,24,优,1
2018-07-20,33,27,多云,东风,3-4级,39,优,1
2018-07-21,33,27,小雨~中雨,东北风,4-5级,43,优,1
2018-07-22,29,26,大雨~小雨,东北风,6-7级,21,优,1
2018-07-23,33,27,小雨~多云,东南风,3-4级,29,优,1
2018-07-24,34,28,阵雨~多云,西南风,1-2级,51,良,2
2018-07-25,36,28,小雨~多云,南风,3-4级,70,良,2
2018-07-26,36,28,小雨~阴,西南风,1-2级,62,良,2
2018-07-27,36,27,雷阵雨~多云,东南风,1-2级,80,良,2
2018-07-28,36,27,雷阵雨~多云,东南风,3-4级,81,良,2
2018-07-29,35,27,小雨~多云,东北风,1-2级,71,良,2
2018-07-30,35,27,雷阵雨~多云,西北风,3-4级,59,良,2
2018-07-31,35,27,多云,北风,1-2级,40,优,1
2018-08-01,34,28,多云,北风,1-2级,34,优,1
2018-08-02,32,28,小雨~中雨,东北风,3-4级,35,优,1
2018-08-03,31,27,小雨~多云,东南风,5-6级,26,优,1
2018-08-04,35,28,多云,东南风,4-5级,42,优,1
2018-08-05,35,28,多云,东南风,3-4级,39,优,1
2018-08-06,36,28,多云~晴,东南风,3-4级,42,优,1
2018-08-07,36,28,晴~多云,东南风,3-4级,31,优,1
2018-08-08,35,27,晴~多云,东风,1-2级,37,优,1
2018-08-09,36,28,多云,东风,1-2级,40,优,1
2018-08-10,36,28,晴~阴,东风,1-2级,56,良,2
2018-08-11,35,27,多云~小雨,东北风,3-4级,44,优,1
2018-08-12,29,27,中雨,东风,5-6级,28,优,1
2018-08-13,33,28,小雨,东南风,4-5级,27,优,1
2018-08-14,34,28,阵雨,东南风,3-4级,29,优,1
2018-08-15,34,28,多云~小雨,东北风,3-4级,30,优,1
2018-08-16,31,26,小雨~大雨,北风,6-7级,25,优,1
2018-08-17,29,26,大雨~小雨,东南风,5-6级,26,优,1
2018-08-18,32,27,阵雨~多云,东南风,4-5级,24,优,1
2018-08-19,33,27,阴~多云,东南风,1-2级,24,优,1
2018-08-20,33,28,阵雨~多云,东南风,3-4级,28,优,1
2018-08-21,33,27,雷阵雨~多云,东南风,1-2级,33,优,1
2018-08-22,32,27,多云,东北风,3-4级,30,优,1
2018-08-23,32,26,多云,西北风,4-5级,53,良,2
2018-08-24,31,26,多云~小雨,东北风,3-4级,82,良,2
2018-08-25,29,26,小雨,东北风,1-2级,61,良,2
2018-08-26,30,27,雷阵雨~阵雨,东南风,3-4级,22,优,1
2018-08-27,33,27,多云,东南风,4-5级,28,优,1
2018-08-28,33,27,多云,东南风,4-5级,19,优,1
2018-08-29,32,27,小雨~多云,东南风,4-5级,26,优,1
2018-08-30,33,27,多云,东南风,3-4级,23,优,1
2018-08-31,33,26,小雨~多云,西南风,1-2级,44,优,1
2018-09-01,32,26,雷阵雨~多云,西南风,1-2级,45,优,1
2018-09-02,32,27,中雨~阴,北风,1-2级,51,良,2
2018-09-03,34,27,阵雨,西南风,1-2级,70,良,2
2018-09-04,32,26,阴~多云,北风,1-2级,72,良,2
2018-09-05,31,25,晴~多云,北风,1-2级,73,良,2
2018-09-06,32,23,小雨,南风,1-2级,80,良,2
2018-09-07,26,21,小雨,西北风,3-4级,96,良,2
2018-09-08,27,22,小雨~多云,北风,3-4级,39,优,1
2018-09-09,28,22,多云,东北风,4-5级,36,优,1
2018-09-10,27,23,多云~阵雨,东北风,4-5级,33,优,1
2018-09-11,27,24,小雨,东北风,3-4级,35,优,1
2018-09-12,29,25,小雨,东北风,4-5级,30,优,1
2018-09-13,29,25,小雨~阴,东北风,1-2级,28,优,1
2018-09-14,31,25,多云,东北风,1-2级,31,优,1
2018-09-15,31,25,多云,东风,1-2级,29,优,1
2018-09-16,32,25,中雨,东南风,1-2级,27,优,1
2018-09-17,29,25,小雨,东南风,3-4级,20,优,1
2018-09-18,30,26,阵雨~阴,东北风,1-2级,29,优,1
2018-09-19,32,27,小雨~多云,东南风,1-2级,47,优,1
2018-09-20,31,24,中雨,东北风,1-2级,48,优,1
2018-09-21,28,23,小雨~阴,西北风,3-4级,46,优,1
2018-09-22,27,22,小雨~阴,东北风,1-2级,41,优,1
2018-09-23,28,21,多云,东北风,1-2级,65,良,2
2018-09-24,27,21,晴~多云,东北风,3-4级,59,良,2
2018-09-25,24,20,多云,东北风,5-6级,38,优,1
2018-09-26,26,22,多云~小雨,东北风,4-5级,32,优,1
2018-09-27,26,18,小雨~晴,东北风,4-5级,32,优,1
2018-09-28,27,21,多云~晴,东北风,1-2级,32,优,1
2018-09-29,27,21,多云~阴,东北风,4-5级,32,优,1
2018-09-30,28,19,多云~晴,西北风,3-4级,63,良,2
2018-10-01,23,14,多云~晴,西北风,4-5级,49,优,1
2018-10-02,25,18,多云,西北风,1-2级,49,优,1
2018-10-03,26,20,多云,东北风,1-2级,46,优,1
2018-10-04,27,21,多云~阵雨,东北风,4-5级,40,优,1
2018-10-05,23,19,阵雨~阴,西北风,5-6级,37,优,1
2018-10-06,26,19,多云~晴,西北风,4-5级,47,优,1
2018-10-07,25,19,晴,东北风,3-4级,61,良,2
2018-10-08,25,19,多云~阴,东风,3-4级,45,优,1
2018-10-09,24,18,多云~小雨,西北风,1-2级,48,优,1
2018-10-10,22,15,多云,北风,4-5级,52,良,2
2018-10-11,21,15,多云,北风,3-4级,36,优,1
2018-10-12,21,15,多云,东北风,1-2级,37,优,1
2018-10-13,23,17,多云,东北风,1-2级,38,优,1
2018-10-14,22,18,阴~多云,西风,1-2级,31,优,1
2018-10-15,22,19,多云~小雨,西南风,1-2级,31,优,1
2018-10-16,22,17,小雨~晴,北风,1-2级,38,优,1
2018-10-17,22,16,多云,东北风,1-2级,58,良,2
2018-10-18,21,14,多云,北风,3-4级,43,优,1
2018-10-19,20,15,多云,东北风,3-4级,37,优,1
2018-10-20,20,16,多云~阴,东风,1-2级,33,优,1
2018-10-21,22,17,小雨,西风,1-2级,34,优,1
2018-10-22,20,17,小雨,东风,1-2级,30,优,1
2018-10-23,22,16,多云,西北风,3-4级,71,良,2
2018-10-24,23,17,多云,东风,1-2级,97,良,2
2018-10-25,22,16,多云~小雨,东南风,3-4级,55,良,2
2018-10-26,22,13,小雨~晴,西风,3-4级,78,良,2
2018-10-27,19,12,晴,西北风,3-4级,71,良,2
2018-10-28,22,14,晴,西风,3-4级,66,良,2
2018-10-29,23,14,晴,西风,1-2级,76,良,2
2018-10-30,22,14,多云,西南风,1-2级,48,优,1
2018-10-31,21,12,多云,东北风,3-4级,36,优,1
2018-11-01,19,14,多云,西南风,1-2级,28,优,1
2018-11-02,19,15,多云,东北风,3-4级,32,优,1
2018-11-03,20,16,小雨~多云,东北风,3-4级,32,优,1
2018-11-04,23,18,多云,东北风,1-2级,40,优,1
2018-11-05,22,17,小雨~多云,东风,1-2级,40,优,1
2018-11-06,21,17,小雨,东北风,1-2级,35,优,1
2018-11-07,20,14,小雨,东风,1-2级,51,良,2
2018-11-08,17,10,小雨~多云,西北风,3-4级,27,优,1
2018-11-09,18,11,晴~多云,西风,1-2级,65,良,2
2018-11-10,19,15,多云~小雨,东风,1-2级,63,良,2
2018-11-11,20,14,小雨,东风,3-4级,69,良,2
2018-11-12,18,13,阴~多云,北风,1-2级,33,优,1
2018-11-13,17,12,多云,北风,1-2级,40,优,1
2018-11-14,18,13,多云~阴,东北风,1-2级,52,良,2
2018-11-15,18,15,小雨,东风,1-2级,42,优,1
2018-11-16,18,14,小雨~多云,北风,5-6级,38,优,1
2018-11-17,16,12,阴~小雨,北风,1-2级,32,优,1
2018-11-18,14,10,中雨~小雨,东北风,1-2级,25,优,1
2018-11-19,15,10,小雨~多云,北风,1-2级,92,良,2
2018-11-20,18,13,多云~小雨,东南风,1-2级,86,良,2
2018-11-21,17,9,中雨~多云,东北风,3级,27,优,1
2018-11-22,14,8,多云,西北风,3级,48,优,1
2018-11-23,17,11,多云~晴,东南风,2级,62,良,2
2018-11-24,20,11,多云,西南风,2级,63,良,2
2018-11-25,19,13,多云~小雨,东北风,2级,112,轻度污染,3
2018-11-26,19,13,多云,东北风,2级,85,良,2
2018-11-27,19,13,多云,东北风,1级,100,良,2
2018-11-28,17,12,多云,东北风,1级,158,中度污染,4
2018-11-29,18,12,多云,东南风,1级,140,轻度污染,3
2018-11-30,19,13,阴~多云,东南风,2级,102,轻度污染,3
2018-12-01,20,15,多云,东南风,2级,65,良,2
2018-12-02,20,15,小雨~多云,东南风,3级,46,优,1
2018-12-03,18,14,小雨,东北风,2级,71,良,2
2018-12-04,16,11,小雨~阴,北风,3级,46,优,1
2018-12-05,14,10,小雨,东北风,3级,52,良,2
2018-12-06,12,7,中雨~小雨,东北风,4级,27,优,1
2018-12-07,8,3,阴~小雨,东北风,4级,37,优,1
2018-12-08,6,2,小雨~雨夹雪,西北风,3级,42,优,1
2018-12-09,9,2,雨夹雪~小雨,东北风,3级,44,优,1
2018-12-10,11,9,小雨~中雨,东北风,3级,20,优,1
2018-12-11,10,3,小雨~多云,西北风,3级,27,优,1
2018-12-12,10,4,多云,西北风,3级,96,良,2
2018-12-13,8,4,多云,西北风,2级,96,良,2
2018-12-14,10,5,多云,东北风,2级,79,良,2
2018-12-15,11,7,小雨,东南风,2级,30,优,1
2018-12-16,10,4,多云~晴,西北风,3级,88,良,2
2018-12-17,12,3,晴,西北风,3级,134,轻度污染,3
2018-12-18,15,7,晴~多云,西南风,2级,119,轻度污染,3
2018-12-19,14,10,阴~小雨,东南风,2级,84,良,2
2018-12-20,14,10,小雨~多云,东北风,3级,50,优,1
2018-12-21,15,11,多云~小雨,东北风,2级,63,良,2
2018-12-22,14,7,小雨,东北风,2级,78,良,2
2018-12-23,12,6,阴~多云,西北风,3级,78,良,2
2018-12-24,11,8,多云,东北风,2级,78,良,2
2018-12-25,13,8,多云~小雨,东南风,3级,70,良,2
2018-12-26,11,6,小雨,东北风,3级,23,优,1
2018-12-27,8,2,小雨~多云,东北风,4级,35,优,1
2018-12-28,4,0,多云,西北风,4级,46,优,1
2018-12-29,5,1,多云,西北风,3级,51,良,2
2018-12-30,3,2,小雨~雨夹雪,西北风,3级,43,优,1
2018-12-31,7,3,多云,西北风,3级,42,优,1
2019-01-01,6,3,阴~多云,西北风,3级,39,优,1
2019-01-02,8,4,阴~多云,东北风,2级,86,良,2
2019-01-03,10,8,多云~小雨,东北风,2级,71,良,2
2019-01-04,10,8,小雨,东南风,2级,33,优,1
2019-01-05,10,5,小雨,西北风,2级,46,优,1
2019-01-06,8,5,阴~多云,东北风,2级,43,优,1
2019-01-07,8,6,小雨~阴,东北风,2级,41,优,1
2019-01-08,8,5,多云~阴,东北风,3级,73,良,2
2019-01-09,7,6,小雨,东北风,3级,37,优,1
2019-01-10,9,7,小雨,东北风,2级,28,优,1
2019-01-11,9,6,小雨,东风,2级,28,优,1
2019-01-12,9,6,小雨~阴,西北风,3级,56,良,2
2019-01-13,9,5,阴~多云,西北风,2级,101,轻度污染,3
2019-01-14,10,6,多云,东北风,2级,100,良,2
2019-01-15,9,2,小雨~多云,东北风,3级,142,轻度污染,3
2019-01-16,6,0,阴~多云,西北风,2级,51,良,2
2019-01-17,8,1,晴~多云,西北风,2级,98,良,2
2019-01-18,11,7,晴~多云,东南风,2级,115,轻度污染,3
2019-01-19,13,5,多云~小雨,西南风,3级,98,良,2
2019-01-20,9,2,多云~晴,西北风,3级,135,轻度污染,3
2019-01-21,8,2,多云,西北风,2级,59,良,2
2019-01-22,10,2,晴,西北风,2级,109,轻度污染,3
2019-01-23,12,4,晴~多云,西北风,2级,122,轻度污染,3
2019-01-24,12,5,晴~多云,东南风,2级,138,轻度污染,3
2019-01-25,10,2,阴~多云,东北风,3级,51,良,2
2019-01-26,5,1,多云,西北风,3级,35,优,1
2019-01-27,9,3,多云~晴,东南风,2级,37,优,1
2019-01-28,10,6,多云,东北风,2级,70,良,2
2019-01-29,10,8,阴~多云,东南风,2级,76,良,2
2019-01-30,15,4,阴~小雨,东南风,2级,49,优,1
2019-01-31,11,0,小雨~多云,东北风,3级,33,优,1
2019-02-01,8,4,晴,西北风,2级,79,良,2
2019-02-02,14,9,多云~小雨,东南风,3级,78,良,2
2019-02-03,14,7,小雨~阴,西北风,3级,87,良,2
2019-02-04,11,7,多云~晴,东北风,3级,135,轻度污染,3
2019-02-05,14,9,小雨,东南风,2级,61,良,2
2019-02-06,16,7,晴~小雨,东南风,2级,66,良,2
2019-02-07,11,4,小雨,东北风,4级,44,优,1
2019-02-08,5,3,小雨,东北风,3级,28,优,1
2019-02-09,4,3,阴~小雨,东北风,3级,27,优,1
2019-02-10,5,3,雨夹雪~小雨,东北风,3级,29,优,1
2019-02-11,6,4,多云~阴,东北风,2级,36,优,1
2019-02-12,9,6,小雨,东北风,2级,36,优,1
2019-02-13,9,4,小雨~中雨,东北风,3级,39,优,1
2019-02-14,8,6,阴~中雨,东北风,3级,42,优,1
2019-02-15,8,4,中雨~小雨,东北风,2级,27,优,1
2019-02-16,6,2,阴~多云,东北风,3级,59,良,2
2019-02-17,8,6,多云~小雨,东北风,2级,42,优,1
2019-02-18,8,7,小雨~中雨,东南风,2级,26,优,1
2019-02-19,10,6,阴~小雨,西北风,2级,42,优,1
2019-02-20,8,7,小雨,东北风,2级,64,良,2
2019-02-21,9,5,小雨~中雨,东北风,3级,71,良,2
2019-02-22,7,3,小雨~多云,东北风,2级,63,良,2
2019-02-23,11,4,多云,西北风,2级,155,中度污染,4
2019-02-24,11,4,多云,东北风,2级,140,轻度污染,3
2019-02-25,12,7,多云,东北风,2级,108,轻度污染,3
2019-02-26,12,7,多云~小雨,东北风,3级,61,良,2
2019-02-27,10,7,小雨,东北风,3级,41,优,1
2019-02-28,11,6,多云,东北风,2级,47,优,1
2019-03-01,11,8,小雨~中雨,东北风,2级,114,轻度污染,3
2019-03-02,10,7,小雨,东北风,3级,70,良,2
2019-03-03,10,5,阴~多云,西北风,2级,97,良,2
2019-03-04,11,4,多云~阴,西北风,2级,123,轻度污染,3
2019-03-05,11,8,小雨,东南风,3级,113,轻度污染,3
2019-03-06,14,6,多云,东北风,3级,95,良,2
2019-03-07,11,5,多云~阴,东北风,3级,107,轻度污染,3
2019-03-08,12,8,多云~小雨,东南风,2级,41,优,1
2019-03-09,13,9,小雨,东北风,1级,47,优,1
2019-03-10,13,7,阴~多云,西北风,3级,73,良,2
2019-03-11,18,8,多云,西北风,3级,95,良,2
2019-03-12,19,7,小雨~多云,西北风,3级,120,轻度污染,3
2019-03-13,16,9,多云~小雨,东南风,2级,60,良,2
2019-03-14,12,7,小雨~晴,东南风,2级,39,优,1
2019-03-15,19,7,晴~多云,西北风,3级,67,良,2
2019-03-16,18,9,多云,东南风,2级,67,良,2
2019-03-17,21,11,多云~阴,东北风,2级,108,轻度污染,3
2019-03-18,14,9,小雨~多云,东南风,2级,51,良,2
2019-03-19,19,13,多云~小雨,东南风,3级,55,良,2
2019-03-20,25,11,雷阵雨~小雨,西南风,4级,49,优,1
2019-03-21,19,8,中雨~小雨,东北风,3级,80,良,2
2019-03-22,11,7,阴~多云,东北风,3级,36,优,1
2019-03-23,16,7,多云,东北风,2级,43,优,1
2019-03-24,15,10,多云~小雨,东南风,2级,57,良,2
2019-03-25,15,10,小雨~晴,西南风,1级,74,良,2
2019-03-26,22,13,多云,西南风,2级,88,良,2
2019-03-27,19,11,小雨,东南风,2级,66,良,2
2019-03-28,17,12,小雨,东北风,2级,91,良,2
2019-03-29,19,12,阴~多云,东南风,2级,67,良,2
2019-03-30,20,9,多云~阴,西北风,3级,85,良,2
2019-03-31,15,8,多云~晴,东北风,3级,49,优,1
2019-04-01,17,9,晴~多云,东南风,2级,52,良,2
2019-04-02,17,12,多云~阴,东南风,3级,57,良,2
2019-04-03,18,11,多云,东南风,2级,72,良,2
2019-04-04,17,13,小雨,东南风,2级,56,良,2
2019-04-05,23,14,多云~晴,西南风,2级,88,良,2
2019-04-06,26,15,多云,西南风,2级,86,良,2
2019-04-07,29,16,晴,西南风,2级,113,轻度污染,3
2019-04-08,26,17,多云~小雨,东南风,3级,106,轻度污染,3
2019-04-09,25,11,中雨~小雨,西南风,4级,54,良,2
2019-04-10,16,11,阴~小雨,西北风,3级,34,优,1
2019-04-11,15,9,小雨~晴,东北风,2级,40,优,1
2019-04-12,19,12,晴,东南风,2级,75,良,2
2019-04-13,20,14,多云,东南风,3级,45,优,1
2019-04-14,20,10,多云,东北风,3级,64,良,2
2019-04-15,20,13,多云,东南风,2级,65,良,2
2019-04-16,19,13,小雨~晴,东南风,3级,50,优,1
2019-04-17,27,16,晴,东南风,2级,63,良,2
2019-04-18,28,19,多云,东南风,3级,72,良,2
2019-04-19,26,18,多云~阴,东南风,3级,63,良,2
2019-04-20,24,18,多云~小雨,东南风,3级,34,优,1
2019-04-21,24,19,小雨,东南风,3级,39,优,1
2019-04-22,22,19,小雨,东南风,3级,30,优,1
2019-04-23,28,19,小雨,西北风,2级,58,良,2
2019-04-24,25,17,小雨~阴,东北风,2级,124,轻度污染,3
2019-04-25,25,14,小雨~多云,东北风,2级,49,优,1
2019-04-26,18,12,多云~晴,东北风,3级,42,优,1
2019-04-27,18,15,多云~小雨,东南风,3级,37,优,1
2019-04-28,21,17,小雨~多云,东南风,2级,42,优,1
2019-04-29,20,15,中雨~小雨,西北风,2级,50,优,1
2019-04-30,18,14,小雨~多云,东北风,2级,34,优,1
2019-05-01,23,13,阴~多云,西北风,3级,91,良,2
2019-05-02,24,13,多云~晴,东北风,2级,72,良,2
2019-05-03,27,15,晴~阴,东南风,2级,63,良,2
2019-05-04,27,17,多云,东南风,2级,62,良,2
2019-05-05,27,16,多云~阴,东南风,3级,63,良,2
2019-05-06,20,12,多云,东北风,3级,48,优,1
2019-05-07,20,15,多云~阴,东北风,3级,47,优,1
2019-05-08,21,16,多云,东南风,2级,44,优,1
2019-05-09,25,17,多云,东南风,2级,63,良,2
2019-05-10,27,17,晴,东南风,2级,63,良,2
2019-05-11,29,19,多云,东南风,2级,73,良,2
2019-05-12,28,19,多云~小雨,东南风,3级,61,良,2
2019-05-13,23,17,小雨,东南风,3级,40,优,1
2019-05-14,23,19,多云~小雨,东风,2级,38,优,1
2019-05-15,21,19,小雨,东南风,3级,29,优,1
2019-05-16,23,20,小雨,东南风,2级,60,良,2
2019-05-17,25,21,小雨~阴,东南风,2级,33,优,1
2019-05-18,28,19,多云~阴,西北风,2级,57,良,2
2019-05-19,26,18,小雨~多云,东北风,2级,75,良,2
2019-05-20,24,16,多云~晴,东北风,3级,68,良,2
2019-05-21,29,19,多云,西南风,2级,73,良,2
2019-05-22,31,20,晴,东南风,2级,88,良,2
2019-05-23,33,21,晴,西南风,2级,106,轻度污染,3
2019-05-24,34,21,晴~阴,东南风,3级,73,良,2
2019-05-25,30,22,小雨~中雨,东南风,4级,49,优,1
2019-05-26,24,20,中雨~大雨,东南风,4级,33,优,1
2019-05-27,29,18,小雨~多云,西北风,3级,45,优,1
2019-05-28,25,18,多云,东北风,3级,35,优,1
2019-05-29,26,18,多云,东南风,2级,50,优,1
2019-05-30,26,20,小雨,东南风,3级,45,优,1
2019-05-31,27,18,小雨~多云,东北风,2级,78,良,2
2019-06-01,26,20,阴~多云,东南风,2级,50,优,1
2019-06-02,29,20,多云,东南风,2级,40,优,1
2019-06-03,30,21,多云~晴,东南风,3级,48,优,1
2019-06-04,32,22,晴,东南风,2级,51,良,2
2019-06-05,33,25,多云~小雨,东南风,3级,60,良,2
2019-06-06,31,22,小雨~多云,西南风,4级,40,优,1
2019-06-07,29,20,多云,西北风,3级,33,优,1
2019-06-08,29,21,多云,东南风,2级,41,优,1
2019-06-09,29,21,多云,东南风,2级,43,优,1
2019-06-10,31,20,小雨~多云,东南风,2级,55,良,2
2019-06-11,28,20,多云,东北风,2级,39,优,1
2019-06-12,27,21,阴,东南风,2级,31,优,1
2019-06-13,24,20,小雨,东南风,3级,33,优,1
2019-06-14,26,19,阴~多云,东北风,3级,36,优,1
2019-06-15,32,23,多云,东北风,2级,85,良,2
2019-06-16,32,24,多云,东南风,2级,116,轻度污染,3
2019-06-17,29,22,阴~中雨,东南风,3级,57,良,2
2019-06-18,25,21,中雨~小雨,南风,3级,33,优,1
2019-06-19,27,22,阴~多云,东北风,2级,46,优,1
2019-06-20,25,21,小雨~大雨,东南风,2级,34,优,1
2019-06-21,25,20,小雨~多云,东北风,3级,32,优,1
2019-06-22,28,20,多云,东北风,2级,43,优,1
2019-06-23,27,21,多云,东北风,2级,39,优,1
2019-06-24,27,22,多云~阴,东南风,3级,42,优,1
2019-06-25,26,22,中雨,东南风,3级,29,优,1
2019-06-26,27,21,小雨~多云,东南风,2级,30,优,1
2019-06-27,28,23,小雨~多云,东南风,2级,50,优,1
2019-06-28,33,26,阴~多云,东南风,2级,69,良,2
2019-06-29,32,25,中雨~大雨,西南风,3级,56,良,2
2019-06-30,29,24,中雨~阴,东北风,2级,42,优,1
2019-07-01,28,23,小雨,东北风,2级,35,优,1
2019-07-02,27,22,小雨~中雨,东南风,2级,34,优,1
2019-07-03,27,23,小雨~多云,东北风,2级,39,优,1
2019-07-04,28,23,阴,东南风,2级,52,良,2
2019-07-05,28,22,小雨~多云,东南风,2级,52,良,2
2019-07-06,30,23,小雨,东南风,3级,56,良,2
2019-07-07,33,24,阴~多云,西南风,3级,53,良,2
2019-07-08,31,24,小雨,西北风,2级,84,良,2
2019-07-09,25,22,中雨~小雨,东北风,3级,28,优,1
2019-07-10,27,22,小雨~阴,东北风,2级,28,优,1
2019-07-11,29,24,阴~多云,东南风,2级,49,优,1
2019-07-12,28,22,小雨~大雨,东南风,2级,42,优,1
2019-07-13,23,21,中雨~小雨,东北风,2级,31,优,1
2019-07-14,29,23,多云,东北风,2级,46,优,1
2019-07-15,29,23,多云,东南风,2级,38,优,1
2019-07-16,28,24,小雨,东南风,3级,29,优,1
2019-07-17,30,26,小雨,东南风,3级,35,优,1
2019-07-18,33,26,小雨,东南风,3级,21,优,1
2019-07-19,30,26,小雨,东北风,3级,20,优,1
2019-07-20,33,26,小雨~多云,西北风,2级,32,优,1
2019-07-21,34,28,多云,东南风,2级,59,良,2
2019-07-22,35,28,多云,东南风,2级,49,优,1
2019-07-23,35,29,阴~多云,西南风,2级,48,优,1
2019-07-24,37,29,多云~晴,西南风,2级,49,优,1
2019-07-25,36,29,小雨~多云,西南风,2级,53,良,2
2019-07-26,36,29,小雨~阴,东南风,2级,67,良,2
2019-07-27,35,28,小雨~多云,东南风,2级,57,良,2
2019-07-28,36,29,多云~晴,东南风,3级,39,优,1
2019-07-29,36,29,多云,东南风,3级,37,优,1
2019-07-30,37,29,多云~晴,东南风,3级,39,优,1
2019-07-31,36,28,多云~晴,东南风,3级,28,优,1
2019-08-01,35,28,多云,东南风,3级,26,优,1
2019-08-02,34,27,多云,东南风,3级,24,优,1
2019-08-03,32,27,小雨~中雨,东南风,3级,27,优,1
2019-08-04,32,27,中雨~小雨,东南风,3级,20,优,1
2019-08-05,33,27,多云,东南风,3级,23,优,1
2019-08-06,34,27,多云,东南风,3级,28,优,1
2019-08-07,34,27,多云~阴,东南风,3级,42,优,1
2019-08-08,33,27,小雨,东南风,3级,28,优,1
2019-08-09,32,27,中雨~大雨,东北风,5级,30,优,1
2019-08-10,28,25,暴雨,东南风,6级,20,优,1
2019-08-11,31,26,小雨~多云,西南风,4级,22,优,1
2019-08-12,34,27,阴~多云,西南风,3级,37,优,1
2019-08-13,35,27,多云~晴,东北风,2级,50,优,1
2019-08-14,34,27,多云,东北风,2级,73,良,2
2019-08-15,33,27,小雨~多云,西北风,3级,71,良,2
2019-08-16,34,27,多云~晴,东南风,2级,79,良,2
2019-08-17,35,27,多云,东南风,2级,95,良,2
2019-08-18,31,25,小雨,东北风,2级,63,良,2
2019-08-19,31,26,小雨~多云,东北风,3级,36,优,1
2019-08-20,32,25,多云,东北风,2级,32,优,1
2019-08-21,33,25,多云,东北风,2级,47,优,1
2019-08-22,33,26,小雨,东北风,2级,52,良,2
2019-08-23,32,26,小雨~中雨,东北风,2级,48,优,1
2019-08-24,32,26,小雨,东北风,3级,35,优,1
2019-08-25,32,27,小雨,东南风,3级,24,优,1
2019-08-26,35,28,多云~阴,西南风,3级,35,优,1
2019-08-27,36,28,小雨,西南风,2级,48,优,1
2019-08-28,31,24,中雨~暴雨,东北风,2级,31,优,1
2019-08-29,26,22,中雨~多云,东北风,2级,31,优,1
2019-08-30,30,22,阴~多云,东北风,2级,73,良,2
2019-08-31,30,22,小雨,东南风,3级,75,良,2
2019-09-01,24,21,中雨,东北风,3级,32,优,1
2019-09-02,25,22,中雨,东北风,3级,22,优,1
2019-09-03,26,23,小雨,东南风,2级,27,优,1
2019-09-04,28,23,中雨~小雨,东北风,2级,49,优,1
2019-09-05,29,24,小雨,东北风,2级,22,优,1
2019-09-06,29,25,小雨,东北风,4级,15,优,1
2019-09-07,30,24,多云,西北风,3级,34,优,1
2019-09-08,31,23,阴~小雨,东北风,2级,54,良,2
2019-09-09,28,24,小雨,西北风,3级,42,优,1
2019-09-10,32,25,多云,东南风,2级,62,良,2
2019-09-11,32,25,阴~多云,东北风,2级,48,优,1
2019-09-12,31,24,阴~多云,东北风,2级,31,优,1
2019-09-13,31,25,多云,东北风,2级,31,优,1
2019-09-14,32,25,多云~晴,东北风,2级,30,优,1
2019-09-15,30,24,小雨~多云,东北风,3级,30,优,1
2019-09-16,29,24,多云,东北风,3级,37,优,1
2019-09-17,29,24,多云,东北风,3级,43,优,1
2019-09-18,29,23,多云,东北风,4级,38,优,1
2019-09-19,27,21,多云,东北风,3级,36,优,1
2019-09-20,27,22,多云,东北风,3级,35,优,1
2019-09-21,26,21,小雨,东北风,4级,30,优,1
2019-09-22,24,20,小雨~多云,西北风,5级,30,优,1
2019-09-23,26,18,多云,西北风,3级,46,优,1
2019-09-24,28,18,多云,西北风,2级,65,良,2
2019-09-25,27,19,多云~阴,东北风,2级,77,良,2
2019-09-26,27,20,多云,东北风,2级,42,优,1
2019-09-27,28,21,多云,东北风,2级,44,优,1
2019-09-28,28,21,多云,东北风,2级,59,良,2
2019-09-29,28,22,多云,东北风,2级,54,良,2
2019-09-30,28,22,多云~小雨,东北风,2级,48,优,1
2019-10-01,26,23,暴雨~中雨,东北风,4级,57,良,2
2019-10-02,27,22,小雨~多云,西北风,4级,18,优,1
2019-10-03,30,23,小雨~多云,东南风,2级,35,优,1
2019-10-04,29,21,多云,东北风,2级,58,良,2
2019-10-05,25,19,小雨~阴,东北风,3级,46,优,1
2019-10-06,24,18,多云,东北风,3级,34,优,1
2019-10-07,25,19,阴~多云,西北风,2级,56,良,2
2019-10-08,23,19,多云,西北风,3级,72,良,2
2019-10-09,24,19,多云,东北风,2级,71,良,2
2019-10-10,27,20,多云,东南风,2级,41,优,1
2019-10-11,26,21,小雨~多云,东北风,2级,69,良,2
2019-10-12,25,19,多云,东北风,3级,57,良,2
2019-10-13,24,19,多云,东北风,2级,33,优,1
2019-10-14,25,17,小雨~多云,东北风,3级,46,优,1
2019-10-15,20,17,阴~多云,东北风,3级,38,优,1
2019-10-16,22,15,阴~小雨,东北风,3级,44,优,1
2019-10-17,21,18,小雨~多云,东北风,3级,44,优,1
2019-10-18,23,16,多云~晴,东北风,3级,40,优,1
2019-10-19,23,16,多云,东北风,2级,54,良,2
2019-10-20,24,16,多云,东北风,2级,65,良,2
2019-10-21,23,17,晴~多云,东北风,2级,56,良,2
2019-10-22,23,18,阴,东北风,2级,48,优,1
2019-10-23,23,18,阴~多云,东北风,3级,54,良,2
2019-10-24,24,17,晴~多云,东北风,3级,47,优,1
2019-10-25,23,17,多云~阴,东北风,3级,72,良,2
2019-10-26,20,14,多云,东北风,3级,65,良,2
2019-10-27,19,15,多云~阴,东北风,2级,44,优,1
2019-10-28,20,14,多云,西南风,2级,76,良,2
2019-10-29,22,13,晴,西北风,2级,163,中度污染,4
2019-10-30,22,14,晴,东南风,2级,147,轻度污染,3
2019-10-31,23,14,晴~多云,东南风,2级,149,轻度污染,3
2019-11-01,23,16,多云,东南风,2级,90,良,2
2019-11-02,23,16,多云,东北风,2级,117,轻度污染,3
2019-11-03,22,16,多云,东北风,2级,65,良,2
2019-11-04,21,15,多云~晴,东北风,3级,57,良,2
2019-11-05,21,15,多云~晴,东北风,3级,36,优,1
2019-11-06,20,16,多云~小雨,东北风,2级,36,优,1
2019-11-07,19,14,小雨,东北风,3级,53,良,2
2019-11-08,18,12,多云~晴,东北风,3级,37,优,1
2019-11-09,19,13,晴,东北风,2级,35,优,1
2019-11-10,21,14,多云~晴,西南风,3级,55,良,2
2019-11-11,22,13,晴~多云,东北风,2级,84,良,2
2019-11-12,21,15,多云~阴,东南风,2级,77,良,2
2019-11-13,20,12,小雨~多云,西北风,3级,89,良,2
2019-11-14,16,11,晴,东北风,3级,70,良,2
2019-11-15,20,15,晴~多云,东南风,3级,62,良,2
2019-11-16,23,19,晴~多云,东南风,2级,53,良,2
2019-11-17,24,13,多云~小雨,西南风,3级,52,良,2
2019-11-18,13,7,阴~多云,西北风,4级,101,轻度污染,3
2019-11-19,14,7,晴,东北风,3级,100,良,2
2019-11-20,16,8,多云,东北风,3级,66,良,2
2019-11-21,18,14,多云,东南风,2级,37,优,1
2019-11-22,21,17,多云~小雨,东北风,2级,52,良,2
2019-11-23,21,16,小雨~多云,东南风,2级,43,优,1
2019-11-24,21,11,小雨,西北风,3级,64,良,2
2019-11-25,12,8,小雨~多云,东北风,4级,32,优,1
2019-11-26,12,9,阴~小雨,东北风,3级,30,优,1
2019-11-27,11,9,小雨,东北风,3级,24,优,1
2019-11-28,11,8,多云~阴,东北风,3级,35,优,1
2019-11-29,13,9,阴,东北风,3级,33,优,1
2019-11-30,14,10,小雨,东北风,2级,34,优,1
2019-12-01,12,5,阴,西北风,3级,40,优,1
2019-12-02,10,4,晴,西北风,3级,88,良,2
2019-12-03,10,3,晴,西北风,2级,69,良,2
2019-12-04,12,6,晴~阴,西北风,2级,149,轻度污染,3
2019-12-05,13,7,多云~小雨,东北风,3级,86,良,2
2019-12-06,10,5,阴~多云,东北风,3级,28,优,1
2019-12-07,11,4,多云,西北风,2级,57,良,2
2019-12-08,12,5,晴,东北风,1级,99,良,2
2019-12-09,15,8,晴,西南风,2级,127,轻度污染,3
2019-12-10,17,8,晴,西南风,2级,105,轻度污染,3
2019-12-11,15,6,晴~多云,西北风,3级,145,轻度污染,3
2019-12-12,12,7,多云,东北风,2级,57,良,2
2019-12-13,15,8,晴~阴,东南风,2级,50,优,1
2019-12-14,15,9,多云,东北风,3级,87,良,2
2019-12-15,16,12,多云,东南风,3级,34,优,1
2019-12-16,20,11,多云~小雨,东南风,2级,53,良,2
2019-12-17,15,9,小雨,西北风,3级,111,轻度污染,3
2019-12-18,10,6,小雨,东北风,3级,70,良,2
2019-12-19,8,6,小雨~多云,西北风,3级,39,优,1
2019-12-20,10,7,小雨,东北风,3级,59,良,2
2019-12-21,11,10,小雨~中雨,东北风,3级,51,良,2
2019-12-22,12,9,小雨~阴,东北风,2级,28,优,1
2019-12-23,13,9,小雨,东北风,2级,47,优,1
2019-12-24,11,10,小雨,东北风,3级,54,良,2
2019-12-25,13,9,小雨~中雨,东北风,2级,45,优,1
2019-12-26,10,4,小雨~多云,西北风,4级,42,优,1
2019-12-27,8,4,晴,西北风,2级,90,良,2
2019-12-28,12,10,多云~小雨,东南风,2级,112,轻度污染,3
2019-12-29,15,9,小雨~阴,西南风,2级,50,优,1
2019-12-30,13,3,多云~阴,北风,3级,104,轻度污染,3
2019-12-31,5,2,阴~晴,西北风,3级,40,优,1
2020-01-01,9,7,晴~小雨,东南风,2级,27,优,1
2020-01-02,12,9,阴,东南风,2级,42,优,1
2020-01-03,11,9,小雨,东北风,1级,58,良,2
2020-01-04,10,9,小雨~阴,东北风,2级,82,良,2
2020-01-05,13,12,阴~多云,东南风,3级,65,良,2
2020-01-06,21,13,多云,东南风,2级,37,优,1
2020-01-07,18,4,小雨~阴,西南风,3级,44,优,1
2020-01-08,7,4,阴~小雨,西北风,3级,55,良,2
2020-01-09,7,6,小雨,东北风,2级,51,良,2
2020-01-10,9,7,小雨,东北风,3级,30,优,1
2020-01-11,7,4,小雨,东北风,3级,39,优,1
2020-01-12,7,4,小雨~多云,西北风,3级,135,轻度污染,3
2020-01-13,9,5,阴,东北风,1级,163,中度污染,4
2020-01-14,7,3,阴~多云,西北风,2级,159,中度污染,4
2020-01-15,8,6,小雨,东北风,3级,63,良,2
2020-01-16,7,5,中雨~小雨,东北风,3级,24,优,1
2020-01-17,6,3,阴~多云,西北风,3级,52,良,2
2020-01-18,5,4,阴,西北风,2级,90,良,2
2020-01-19,8,3,阴~多云,西北风,2级,108,轻度污染,3
2020-01-20,10,4,多云~阴,西北风,2级,159,中度污染,4
2020-01-21,12,9,晴~小雨,东南风,3级,143,轻度污染,3
2020-01-22,10,8,中雨~小雨,西南风,2级,103,轻度污染,3
2020-01-23,10,8,小雨,东北风,2级,54,良,2
2020-01-24,10,7,阴~小雨,东北风,3级,59,良,2
2020-01-25,8,7,中雨~小雨,东北风,3级,27,优,1
2020-01-26,9,6,中雨,东北风,4级,24,优,1
2020-01-27,6,4,小雨~阴,西北风,3级,31,优,1
2020-01-28,7,3,阴~晴,西北风,3级,103,轻度污染,3
2020-01-29,9,3,多云~晴,西北风,3级,90,良,2
2020-01-30,7,1,晴,西北风,3级,92,良,2
2020-01-31,9,2,晴,西北风,3级,66,良,2
2020-02-01,11,4,晴~多云,东南风,1级,41,优,1
2020-02-02,12,7,多云~阴,东南风,2级,47,优,1
2020-02-03,11,6,阴,东北风,2级,83,良,2
2020-02-04,12,4,多云~晴,东北风,2级,26,优,1
2020-02-05,11,5,多云~阴,东北风,3级,36,优,1
2020-02-06,7,4,小雨~中雨,东北风,3级,28,优,1
2020-02-07,8,5,小雨~阴,东北风,3级,30,优,1
2020-02-08,9,4,阴~多云,东北风,2级,47,优,1
2020-02-09,10,5,多云,西北风,2级,98,良,2
2020-02-10,16,10,阴~小雨,东南风,2级,70,良,2
2020-02-11,11,9,中雨~小雨,东南风,3级,37,优,1
2020-02-12,16,9,小雨~多云,西北风,2级,60,良,2
2020-02-13,15,11,阴~小雨,东南风,2级,79,良,2
2020-02-14,17,12,小雨,东南风,2级,30,优,1
2020-02-15,14,0,小雨~雨夹雪,西北风,3级,19,优,1
2020-02-16,5,0,雨夹雪~晴,西北风,4级,37,优,1
2020-02-17,9,1,晴,西北风,4级,27,优,1
2020-02-18,9,4,多云,西北风,2级,23,优,1
2020-02-19,12,7,多云,东南风,2级,28,优,1
2020-02-20,15,8,晴,东南风,2级,26,优,1
2020-02-21,16,8,多云~晴,西南风,3级,38,优,1
2020-02-22,16,7,晴,西北风,3级,96,良,2
2020-02-23,14,11,晴,东南风,3级,52,良,2
2020-02-24,20,14,阴~晴,东南风,3级,57,良,2
2020-02-25,24,9,多云~阴,西北风,3级,72,良,2
2020-02-26,11,8,阴~晴,东北风,3级,39,优,1
2020-02-27,13,8,阴,东北风,3级,46,优,1
2020-02-28,13,10,阴~小雨,西南风,3级,46,优,1
2020-02-29,11,9,小雨,东北风,2级,45,优,1
2020-03-01,10,8,阴,西北风,3级,30,优,1
2020-03-02,10,7,阴,东北风,3级,36,优,1
2020-03-03,12,8,阴,东北风,2级,34,优,1
2020-03-04,12,5,阴~多云,东北风,3级,46,优,1
2020-03-05,12,6,晴,东北风,3级,37,优,1
2020-03-06,14,10,阴~小雨,东南风,3级,37,优,1
2020-03-07,15,10,阴,东北风,2级,76,良,2
2020-03-08,16,11,阴~中雨,东南风,3级,35,优,1
2020-03-09,14,9,小雨,东南风,3级,26,优,1
2020-03-10,13,6,阴~多云,西北风,3级,46,优,1
2020-03-11,16,9,阴,东南风,2级,86,良,2
2020-03-12,16,10,多云~小雨,东南风,3级,76,良,2
2020-03-13,13,7,小雨~多云,东北风,2级,40,优,1
2020-03-14,14,8,阴~晴,西北风,2级,40,优,1
2020-03-15,20,9,晴~多云,西北风,3级,64,良,2
2020-03-16,17,10,多云,东南风,3级,38,优,1
2020-03-17,23,12,阴~多云,西南风,2级,50,优,1
2020-03-18,24,13,晴,西南风,2级,84,良,2
2020-03-19,20,10,多云~晴,西北风,3级,73,良,2
2020-03-20,19,12,晴,东南风,3级,51,良,2
2020-03-21,25,14,多云~中雨,东南风,2级,57,良,2
2020-03-22,18,12,阴,东北风,2级,54,良,2
2020-03-23,18,10,阴~多云,东北风,2级,31,优,1
2020-03-24,20,13,阴,东南风,3级,42,优,1
2020-03-25,22,17,阴~中雨,东南风,3级,41,优,1
2020-03-26,23,11,小雨~中雨,东南风,2级,53,良,2
2020-03-27,13,6,阴~中雨,东北风,4级,46,优,1
2020-03-28,8,6,中雨~阴,东北风,3级,34,优,1
2020-03-29,10,8,小雨,东北风,2级,34,优,1
2020-03-30,12,10,小雨,东北风,3级,29,优,1
2020-03-31,16,10,小雨,东北风,2级,34,优,1
2020-04-01,17,10,阴~多云,北风,3级,54,良,2
2020-04-02,17,10,晴~阴,东北风,2级,50,优,1
2020-04-03,17,10,阴,东北风,2级,51,良,2
2020-04-04,20,9,多云~阴,东北风,2级,79,良,2
2020-04-05,15,10,阴,东北风,3级,51,良,2
2020-04-06,15,10,阴,东北风,2级,39,优,1
2020-04-07,21,11,多云~晴,东南风,1级,48,优,1
2020-04-08,22,12,阴,东南风,2级,54,良,2
2020-04-09,21,13,晴,东南风,3级,59,良,2
2020-04-10,20,11,阴~小雨,东南风,3级,48,优,1
2020-04-11,13,7,小雨~阴,东北风,3级,43,优,1
2020-04-12,19,10,小雨,西北风,4级,77,良,2
2020-04-13,19,10,晴~多云,西北风,3级,79,良,2
2020-04-14,19,13,阴~小雨,东南风,2级,92,良,2
2020-04-15,24,16,阴~多云,西南风,2级,90,良,2
2020-04-16,26,16,阴~小雨,东南风,3级,75,良,2
2020-04-17,21,14,阴~晴,西南风,2级,95,良,2
2020-04-18,17,13,阴~中雨,东北风,3级,73,良,2
2020-04-19,15,12,小雨~晴,西北风,3级,55,良,2
2020-04-20,22,13,阴~小雨,东北风,2级,76,良,2
2020-04-21,15,10,阴~小雨,东北风,3级,70,良,2
2020-04-22,19,12,阴~多云,西南风,1级,43,优,1
2020-04-23,19,12,多云,东北风,2级,50,优,1
2020-04-24,23,14,晴,西南风,2级,59,良,2
2020-04-25,26,15,阴,西南风,3级,73,良,2
2020-04-26,23,13,阴~小雨,东北风,3级,67,良,2
2020-04-27,20,12,阴~晴,东北风,3级,43,优,1
2020-04-28,23,14,晴,东南风,3级,42,优,1
2020-04-29,26,18,晴,东南风,3级,50,优,1
2020-04-30,32,21,多云~阴,南风,3级,86,良,2
2020-05-01,24,20,小雨,南风,2级,100,良,2
2020-05-02,29,22,阴~晴,南风,3级,52,良,2
2020-05-03,34,22,晴,西南风,2级,84,良,2
2020-05-04,27,19,晴~阴,东北风,3级,117,轻度污染,3
2020-05-05,20,19,中雨~阴,东风,3级,53,良,2
2020-05-06,21,18,阴~晴,东北风,3级,41,优,1
2020-05-07,25,20,晴~小雨,东南风,3级,44,优,1
2020-05-08,25,21,阴~中雨,东南风,4级,36,优,1
2020-05-09,23,19,阴~小雨,西北风,2级,65,良,2
2020-05-10,22,18,阴~多云,东北风,2级,108,轻度污染,3
2020-05-11,27,18,多云,西南风,2级,122,轻度污染,3
2020-05-12,30,19,晴~多云,西北风,3级,97,良,2
2020-05-13,29,19,晴~阴,东南风,3级,80,良,2
2020-05-14,25,21,阴~小雨,东南风,4级,61,良,2
2020-05-15,28,22,阴~中雨,南风,2级,55,良,2
2020-05-16,25,22,小雨~多云,东南风,2级,108,轻度污染,3
2020-05-17,29,21,阴~多云,东南风,2级,105,轻度污染,3
2020-05-18,30,17,阴~晴,西北风,3级,85,良,2
2020-05-19,29,19,晴~多云,西北风,3级,86,良,2
2020-05-20,30,21,多云,东南风,3级,94,良,2
2020-05-21,26,19,阴,东南风,3级,97,良,2
2020-05-22,26,19,阴,东南风,3级,48,优,1
2020-05-23,27,21,阴~晴,东南风,2级,45,优,1
2020-05-24,32,22,晴~阴,东风,2级,69,良,2
2020-05-25,27,20,阴~小雨,东北风,2级,96,良,2
2020-05-26,20,17,小雨~多云,东北风,2级,44,优,1
2020-05-27,26,21,多云,东南风,2级,65,良,2
2020-05-28,31,21,阴,西南风,2级,109,轻度污染,3
2020-05-29,25,17,阴~大雨,东南风,3级,122,轻度污染,3
2020-05-30,19,18,大雨~阴,东南风,4级,43,优,1
2020-05-31,28,22,阴,西北风,2级,60,良,2
2020-06-01,30,22,阴,东南风,2级,75,良,2
2020-06-02,33,23,小雨,南风,2级,96,良,2
2020-06-03,28,22,小雨~阴,西南风,2级,42,优,1
2020-06-04,30,22,阴~小雨,西南风,2级,56,良,2
2020-06-05,23,21,暴雨~中雨,东南风,3级,46,优,1
2020-06-06,28,21,阴,东北风,3级,29,优,1
2020-06-07,29,22,阴~多云,东南风,3级,36,优,1
2020-06-08,28,22,晴~阴,东南风,3级,51,良,2
2020-06-09,28,24,阴,东南风,3级,25,优,1
2020-06-10,27,24,小雨~阴,东南风,2级,49,优,1
2020-06-11,29,25,多云~小雨,东风,2级,69,良,2
2020-06-12,34,27,多云~阴,南风,2级,83,良,2
2020-06-13,33,27,阴~小雨,西南风,2级,66,良,2
2020-06-14,31,24,阴~小雨,东北风,2级,41,优,1
2020-06-15,27,22,大暴雨~大雨,东南风,2级,68,良,2
2020-06-16,25,22,小雨,东风,3级,37,优,1
2020-06-17,31,25,阴,东南风,2级,56,良,2
2020-06-18,32,22,阴~小雨,西风,3级,41,优,1
2020-06-19,28,21,阴~小雨,东北风,2级,42,优,1
2020-06-20,25,20,小雨,东南风,2级,59,良,2
2020-06-21,23,21,小雨,东风,2级,28,优,1
2020-06-22,25,24,阴~小雨,东南风,3级,29,优,1
2020-06-23,27,24,阴~大雨,东南风,3级,35,优,1
2020-06-24,27,24,小雨~中雨,西风,2级,41,优,1
2020-06-25,25,23,中雨~多云,西南风,2级,57,良,2
2020-06-26,31,24,阴~小雨,东南风,2级,53,良,2
2020-06-27,27,24,中雨~小雨,西南风,2级,47,优,1
2020-06-28,26,25,暴雨~小雨,东风,2级,37,优,1
2020-06-29,28,22,中雨~小雨,西南风,3级,42,优,1
2020-06-30,32,23,晴~多云,东北风,2级,46,优,1
2020-07-01,30,23,阴,东南风,3级,36,优,1
2020-07-02,27,23,小雨~大雨,东南风,3级,31,优,1
2020-07-03,29,23,阴,西南风,3级,24,优,1
2020-07-04,27,23,阴~中雨,东北风,2级,31,优,1
2020-07-05,25,24,大雨~中雨,南风,2级,37,优,1
2020-07-06,26,24,大暴雨~暴雨,西南风,2级,41,优,1
2020-07-07,31,24,小雨,西南风,2级,41,优,1
2020-07-08,29,24,小雨,南风,2级,40,优,1
2020-07-09,26,24,中雨~小雨,东北风,2级,35,优,1
2020-07-10,27,24,阴~中雨,东北风,2级,34,优,1
2020-07-11,27,25,大雨~阴,东风,2级,48,优,1
2020-07-12,36,25,阴,西南风,3级,64,良,2
2020-07-13,30,24,小雨,西北风,2级,44,优,1
2020-07-14,26,20,阴~中雨,东北风,2级,54,良,2
2020-07-15,21,20,暴雨~小雨,东风,3级,34,优,1
2020-07-16,24,22,小雨~中雨,东风,2级,30,优,1
2020-07-17,23,23,中雨~阴,东南风,3级,31,优,1
2020-07-18,32,27,阴~小雨,东南风,2级,44,优,1
2020-07-19,34,25,阴~小雨,西南风,3级,57,良,2
2020-07-20,26,24,小雨,东北风,2级,42,优,1
2020-07-21,33,26,阴,东风,2级,75,良,2
2020-07-22,35,27,阴,东南风,2级,91,良,2
2020-07-23,36,25,阴~中雨,西南风,3级,42,优,1
2020-07-24,30,23,阴~晴,西北风,3级,44,优,1
2020-07-25,33,25,多云,西北风,2级,96,良,2
2020-07-26,31,26,阴~小雨,东南风,2级,63,良,2
2020-07-27,32,27,阴~多云,东南风,2级,50,优,1
2020-07-28,33,27,暴雨~阴,东南风,2级,56,良,2
2020-07-29,33,27,阴,东南风,3级,30,优,1
2020-07-30,34,28,阴,东南风,3级,21,优,1
2020-07-31,32,28,阴,东南风,4级,27,优,1
2020-08-01,35,28,多云,南风,3级,29,优,1
2020-08-02,36,28,阴~多云,南风,3级,32,优,1
2020-08-03,34,27,多云~小雨,东南风,4级,25,优,1
2020-08-04,31,27,小雨~暴雨,东南风,4级,27,优,1
2020-08-05,29,27,中雨~阴,南风,4级,21,优,1
2020-08-06,35,28,阴,西南风,3级,36,优,1
2020-08-07,36,28,阴~小雨,西南风,2级,56,良,2
2020-08-08,33,28,阴,西南风,3级,41,优,1
2020-08-09,36,28,阴~小雨,南风,3级,49,优,1
2020-08-10,36,28,阴,西南风,3级,41,优,1
2020-08-11,35,28,小雨~多云,南风,3级,34,优,1
2020-08-12,36,29,多云~晴,南风,3级,35,优,1
2020-08-13,38,30,晴~多云,西南风,3级,41,优,1
2020-08-14,38,29,阴~晴,西南风,2级,51,良,2
2020-08-15,36,28,晴,东南风,3级,31,优,1
2020-08-16,37,28,阴~晴,东南风,3级,36,优,1
2020-08-17,35,28,阴~晴,东南风,3级,37,优,1
2020-08-18,35,27,晴~多云,东南风,3级,48,优,1
2020-08-19,36,27,晴,东南风,3级,41,优,1
2020-08-20,37,27,阴~多云,东南风,3级,39,优,1
2020-08-21,35,27,多云,东南风,3级,37,优,1
2020-08-22,34,27,多云,东南风,3级,34,优,1
2020-08-23,35,26,晴,东南风,2级,36,优,1
2020-08-24,36,27,晴,东南风,2级,27,优,1
2020-08-25,36,27,阴~小雨,东北风,3级,25,优,1
2020-08-26,33,26,大雨~阴,西北风,4级,32,优,1
2020-08-27,33,26,多云~小雨,西风,2级,49,优,1
2020-08-28,31,26,中雨,东南风,2级,29,优,1
2020-08-29,27,26,中雨~多云,南风,2级,28,优,1
2020-08-30,34,26,多云~晴,东南风,3级,53,良,2
2020-08-31,34,27,晴~多云,东风,3级,23,优,1
2020-09-01,33,26,阴~小雨,东北风,3级,29,优,1
2020-09-02,31,24,小雨~多云,西北风,4级,30,优,1
2020-09-03,31,23,晴,西北风,3级,73,良,2
2020-09-04,32,23,多云,东南风,2级,76,良,2
2020-09-05,32,23,晴,东风,3级,42,优,1
2020-09-06,31,24,多云~晴,北风,3级,41,优,1
2020-09-07,33,24,阴~晴,西北风,3级,89,良,2
2020-09-08,35,25,晴~多云,南风,2级,83,良,2
2020-09-09,33,24,阴~多云,东南风,2级,50,优,1
2020-09-10,31,23,小雨,东南风,2级,46,优,1
2020-09-11,25,22,小雨~多云,东南风,2级,34,优,1
2020-09-12,27,22,小雨~阴,东北风,2级,37,优,1
2020-09-13,29,23,阴,东北风,2级,34,优,1
2020-09-14,27,21,小雨,东南风,2级,29,优,1
2020-09-15,23,22,大雨~小雨,东南风,2级,34,优,1
2020-09-16,28,21,阴~暴雨,西北风,2级,61,良,2
2020-09-17,22,18,大雨~中雨,东北风,3级,52,良,2
2020-09-18,19,17,小雨~阴,北风,2级,40,优,1
2020-09-19,23,19,小雨~多云,东北风,2级,90,良,2
2020-09-20,27,20,阴,东北风,2级,48,优,1
2020-09-21,26,20,阴,东南风,1级,40,优,1
2020-09-22,25,20,阴,东北风,2级,38,优,1
2020-09-23,22,20,小雨~多云,东北风,2级,30,优,1
2020-09-24,26,19,多云~阴,北风,3级,40,优,1
2020-09-25,26,20,多云~阴,北风,3级,33,优,1
2020-09-26,26,20,阴~多云,东北风,3级,31,优,1
2020-09-27,27,20,阴~多云,东北风,3级,29,优,1
2020-09-28,27,20,多云,东南风,2级,30,优,1
2020-09-29,26,19,阴,东风,2级,31,优,1
2020-09-30,26,19,多云,东北风,2级,35,优,1
2020-10-01,27,21,晴,东风,2级,44,优,1
2020-10-02,28,22,多云~阴,东南风,3级,39,优,1
2020-10-03,25,19,阴~大雨,东风,3级,27,优,1
2020-10-04,23,18,小雨~多云,东北风,3级,32,优,1
2020-10-05,22,18,阴,东北风,3级,34,优,1
2020-10-06,23,18,阴,东北风,3级,30,优,1
2020-10-07,22,18,阴~晴,东北风,3级,27,优,1
2020-10-08,24,19,多云,东北风,3级,36,优,1
2020-10-09,24,18,多云,东北风,2级,41,优,1
2020-10-10,24,17,阴~多云,东北风,2级,35,优,1
2020-10-11,25,18,多云~晴,东北风,2级,37,优,1
2020-10-12,25,18,多云,东北风,3级,34,优,1
2020-10-13,23,17,多云~晴,东北风,3级,44,优,1
2020-10-14,23,18,晴~阴,东北风,3级,38,优,1
2020-10-15,21,15,阴~小雨,东北风,3级,36,优,1
2020-10-16,17,15,小雨~阴,东北风,2级,26,优,1
2020-10-17,21,16,多云,北风,3级,41,优,1
2020-10-18,21,16,阴~多云,东北风,2级,35,优,1
2020-10-19,21,16,多云,东北风,2级,31,优,1
2020-10-20,22,17,多云~小雨,东北风,2级,39,优,1
2020-10-21,19,14,小雨~多云,西北风,2级,62,良,2
2020-10-22,21,13,阴~多云,北风,3级,104,轻度污染,3
2020-10-23,19,12,多云~晴,北风,3级,83,良,2
2020-10-24,18,12,多云,北风,2级,39,优,1
2020-10-25,20,14,多云~晴,东南风,2级,41,优,1
2020-10-26,22,15,多云,东南风,2级,35,优,1
2020-10-27,21,16,阴,东风,2级,38,优,1
2020-10-28,20,15,阴,东北风,2级,40,优,1
2020-10-29,20,13,阴~晴,东北风,2级,39,优,1
2020-10-30,20,14,多云~晴,东北风,2级,33,优,1
2020-10-31,21,16,晴~多云,东风,2级,42,优,1
2020-11-01,22,17,阴~小雨,东北风,2级,56,良,2
2020-11-02,21,14,阴~晴,北风,2级,78,良,2
2020-11-03,18,12,晴~多云,北风,3级,60,良,2
2020-11-04,17,13,多云,东北风,3级,35,优,1
2020-11-05,20,16,阴~晴,东南风,2级,35,优,1
2020-11-06,23,16,晴~多云,西北风,2级,49,优,1
2020-11-07,23,14,多云~晴,西北风,2级,106,轻度污染,3
2020-11-08,20,12,晴,东北风,3级,104,轻度污染,3
2020-11-09,18,12,晴,东北风,2级,62,良,2
2020-11-10,18,12,晴,东北风,2级,45,优,1
2020-11-11,18,13,晴,东北风,2级,41,优,1
2020-11-12,20,14,多云~晴,东风,2级,37,优,1
2020-11-13,19,15,晴,东北风,2级,39,优,1
2020-11-14,20,16,多云,东北风,2级,46,优,1
2020-11-15,21,16,多云~晴,东风,2级,50,优,1
2020-11-16,21,17,阴~多云,东风,2级,39,优,1
2020-11-17,23,19,多云~阴,东南风,3级,28,优,1
2020-11-18,27,17,多云~小雨,东南风,4级,36,优,1
2020-11-19,20,13,阴~小雨,西北风,2级,55,良,2
2020-11-20,16,12,小雨~阴,东北风,3级,54,良,2
2020-11-21,17,14,阴~小雨,东南风,3级,34,优,1
2020-11-22,14,11,小雨~阴,西北风,3级,23,优,1
2020-11-23,12,10,阴~小雨,东北风,3级,34,优,1
2020-11-24,11,11,小雨,东北风,2级,25,优,1
2020-11-25,14,12,小雨~中雨,东北风,2级,26,优,1
2020-11-26,12,11,小雨,西风,2级,29,优,1
2020-11-27,12,8,小雨~多云,北风,3级,34,优,1
2020-11-28,12,7,阴~多云,北风,3级,37,优,1
2020-11-29,11,8,多云,北风,3级,39,优,1
2020-11-30,13,8,阴~多云,东北风,3级,72,良,2
2020-12-01,14,9,多云,东北风,3级,39,优,1
2020-12-02,13,8,阴~多云,东北风,2级,29,优,1
2020-12-03,11,5,多云,西北风,3级,68,良,2
2020-12-04,9,5,多云,北风,3级,45,优,1
2020-12-05,10,8,多云~阴,东北风,2级,40,优,1
2020-12-06,14,9,多云~小雨,东北风,2级,42,优,1
2020-12-07,14,8,阴~多云,东北风,3级,54,良,2
2020-12-08,11,7,阴~多云,东北风,3级,70,良,2
2020-12-09,14,9,阴~多云,东风,2级,35,优,1
2020-12-10,13,10,阴~小雨,北风,2级,84,良,2
2020-12-11,10,8,阴,西北风,2级,109,轻度污染,3
2020-12-12,11,6,多云,西北风,2级,188,中度污染,4
2020-12-13,12,3,多云~小雨,西北风,3级,173,中度污染,4
2020-12-14,5,1,阴~多云,西北风,4级,28,优,1
2020-12-15,6,1,阴~晴,西北风,3级,31,优,1
2020-12-16,6,2,多云~晴,西北风,3级,56,良,2
2020-12-17,8,4,阴~小雨,东北风,2级,48,优,1
2020-12-18,7,4,小雨~阴,北风,3级,60,良,2
2020-12-19,8,1,阴~多云,北风,3级,59,良,2
2020-12-20,8,2,晴~多云,北风,2级,28,优,1
2020-12-21,9,3,晴,东北风,1级,54,良,2
2020-12-22,11,5,晴~多云,东南风,1级,79,良,2
2020-12-23,12,6,阴,南风,2级,63,良,2
2020-12-24,12,4,多云~阴,西北风,3级,122,轻度污染,3
2020-12-25,10,5,多云~阴,东北风,2级,70,良,2
2020-12-26,12,10,阴~小雨,东南风,2级,39,优,1
2020-12-27,13,7,多云,西北风,2级,85,良,2
2020-12-28,15,9,阴~多云,东南风,2级,124,轻度污染,3
2020-12-29,16,-4,小雨~雨夹雪,北风,3级,39,优,1
2020-12-30,-1,-5,晴,西北风,4级,43,优,1
2020-12-31,0,-4,晴,西北风,3级,54,良,2
2021-01-01,4,-1,晴~多云,西北风,2级,52,良,2
2021-01-02,7,1,晴~多云,东北风,2级,69,良,2
2021-01-03,10,6,阴,东北风,2级,66,良,2
2021-01-04,13,7,阴,东风,2级,44,优,1
2021-01-05,8,2,阴~多云,东北风,3级,49,优,1
2021-01-06,5,-4,阴,北风,3级,46,优,1
2021-01-07,-3,-6,阴,西北风,4级,67,良,2
2021-01-08,-1,-5,阴~晴,西北风,3级,50,优,1
2021-01-09,3,-1,晴~多云,西北风,3级,57,良,2
2021-01-10,5,-1,阴~多云,西北风,2级,73,良,2
2021-01-11,6,-1,多云~晴,西北风,2级,70,良,2
2021-01-12,8,1,晴,西南风,2级,94,良,2
2021-01-13,14,4,晴,西南风,2级,80,良,2
2021-01-14,16,6,多云~晴,南风,2级,80,良,2
2021-01-15,19,2,晴~阴,西北风,3级,80,良,2
2021-01-16,7,0,阴~多云,东北风,3级,73,良,2
2021-01-17,5,-1,阴~晴,西北风,微风,62,良,2
2021-01-18,11,2,晴,西南风,2级,84,良,2
2021-01-19,11,6,多云~晴,东南风,3级,68,良,2
2021-01-20,13,12,多云~阴,东南风,3级,34,优,1
2021-01-21,17,9,阴~小雨,东南风,2级,46,优,1
2021-01-22,11,7,小雨,东北风,2级,64,良,2
2021-01-23,8,4,小雨~阴,北风,3级,61,良,2
2021-01-24,10,7,阴,东北风,2级,84,良,2
2021-01-25,15,9,阴~小雨,东风,2级,36,优,1
2021-01-26,10,6,小雨~多云,西北风,2级,43,优,1
2021-01-27,10,4,多云,东北风,2级,68,良,2
2021-01-28,10,0,晴,西北风,3级,97,良,2
2021-01-29,8,4,晴,东风,2级,62,良,2
2021-01-30,13,8,多云~阴,东南风,2级,59,良,2
2021-01-31,14,8,阴~小雨,东南风,2级,34,优,1
2021-02-01,11,5,小雨~多云,西北风,2级,66,良,2
2021-02-02,10,4,多云~晴,东北风,微风,73,良,2
2021-02-03,13,6,晴,东南风,3级,60,良,2
2021-02-04,12,8,晴~小雨,东北风,微风,75,良,2
2021-02-05,10,7,小雨~多云,东南风,2级,52,良,2
2021-02-06,16,7,多云~晴,西风,2级,79,良,2
2021-02-07,19,5,阴,东北风,微风,97,良,2
2021-02-08,9,4,阴,东北风,3级,65,良,2
2021-02-09,11,5,多云~阴,东风,2级,23,优,1
2021-02-10,12,9,阴~小雨,东南风,2级,25,优,1
2021-02-11,10,8,中雨~小雨,东风,2级,25,优,1
2021-02-12,13,9,阴~多云,东风,2级,31,优,1
2021-02-13,17,9,多云~阴,东北风,2级,43,优,1
2021-02-14,19,9,阴,西南风,2级,54,良,2
2021-02-15,11,4,阴,北风,3级,59,良,2
2021-02-16,12,2,多云,东北风,2级,41,优,1
2021-02-17,7,1,晴,北风,3级,44,优,1
2021-02-18,8,2,晴,西北风,3级,36,优,1
2021-02-19,17,9,多云~晴,西南风,2级,52,良,2
2021-02-20,23,11,晴,西南风,3级,54,良,2
2021-02-21,24,10,晴~多云,西南风,2级,46,优,1
2021-02-22,26,7,阴~晴,北风,3级,66,良,2
2021-02-23,13,7,多云,东北风,3级,39,优,1
2021-02-24,15,10,多云,东风,3级,34,优,1
2021-02-25,16,8,小雨,东南风,3级,50,优,1
2021-02-26,11,8,小雨~阴,东北风,4级,34,优,1
2021-02-27,12,10,小雨,东北风,3级,34,优,1
2021-02-28,14,11,小雨,东南风,2级,32,优,1
2021-03-01,13,5,小雨,西北风,3级,46,优,1
2021-03-02,10,5,小雨~阴,北风,3级,44,优,1
2021-03-03,11,9,阴~小雨,东南风,2级,47,优,1
2021-03-04,14,6,小雨~多云,北风,2级,55,良,2
2021-03-05,12,8,阴~小雨,东南风,2级,50,优,1
2021-03-06,11,7,小雨,东北风,3级,41,优,1
2021-03-07,9,8,小雨~阴,北风,微风,31,优,1
2021-03-08,12,8,阴~小雨,东北风,2级,44,优,1
2021-03-09,10,7,小雨~多云,东北风,2级,37,优,1
2021-03-10,17,9,晴~小雨,东北风,2级,49,优,1
2021-03-11,12,9,中雨~阴,东南风,微风,60,良,2
2021-03-12,12,7,阴,西北风,3级,66,良,2
2021-03-13,16,8,阴~多云,东北风,2级,81,良,2
2021-03-14,18,11,阴~多云,东南风,微风,80,良,2
2021-03-15,23,12,晴~小雨,东南风,微风,60,良,2
2021-03-16,13,9,小雨~阴,东北风,3级,73,良,2
2021-03-17,12,9,小雨~阴,东北风,2级,72,良,2
2021-03-18,15,10,阴~小雨,东北风,2级,61,良,2
2021-03-19,13,11,小雨,东北风,2级,47,优,1
2021-03-20,11,8,小雨~阴,西北风,3级,41,优,1
2021-03-21,14,5,阴~多云,西北风,3级,88,良,2
2021-03-22,15,7,晴,西北风,2级,55,良,2
2021-03-23,17,11,阴,东南风,3级,69,良,2
2021-03-24,19,10,小雨~多云,东南风,2级,39,优,1
2021-03-25,22,12,晴~多云,东北风,2级,63,良,2
2021-03-26,21,15,阴~小雨,东南风,3级,51,良,2
2021-03-27,21,15,小雨,西南风,3级,40,优,1
2021-03-28,23,14,晴,西风,2级,89,良,2
2021-03-29,25,14,阴~小雨,东南风,微风,85,良,2
2021-03-30,19,14,扬沙~小雨,东北风,3级,248,重度污染,5
2021-03-31,15,13,小雨,东风,3级,119,轻度污染,3
2021-04-01,17,16,阴,东北风,2级,43,优,1
2021-04-02,20,15,阴~小雨,西北风,2级,74,良,2
2021-04-03,18,11,阴~小雨,西北风,3级,75,良,2
2021-04-04,17,9,晴,西北风,3级,40,优,1
2021-04-05,19,11,多云~阴,东北风,微风,36,优,1
2021-04-06,20,12,多云~阴,东北风,2级,34,优,1
2021-04-07,17,12,阴~小雨,东风,2级,39,优,1
2021-04-08,19,10,小雨~晴,东北风,2级,54,良,2
2021-04-09,19,10,晴~多云,东北风,2级,46,优,1
2021-04-10,20,14,多云~小雨,东风,3级,45,优,1
2021-04-11,16,15,中雨~大雨,东南风,3级,32,优,1
2021-04-12,17,15,小雨~阴,西南风,2级,43,优,1
2021-04-13,20,12,阴~多云,东北风,3级,81,良,2
2021-04-14,15,11,阴~多云,东北风,微风,31,优,1
2021-04-15,16,12,多云~晴,东南风,2级,35,优,1
2021-04-16,24,12,阴~多云,东南风,2级,74,良,2
2021-04-17,20,10,阴~多云,北风,3级,128,轻度污染,3
2021-04-18,20,12,阴~晴,东南风,2级,53,良,2
2021-04-19,22,14,晴,东南风,3级,52,良,2
2021-04-20,22,15,多云~晴,东南风,3级,41,优,1
2021-04-21,24,17,阴~多云,东南风,微风,46,优,1
2021-04-22,23,18,阴,东南风,3级,45,优,1
2021-04-23,22,19,阴~多云,东北风,2级,83,良,2
2021-04-24,22,17,小雨~阴,东风,2级,48,优,1
2021-04-25,24,16,小雨~晴,东风,2级,45,优,1
2021-04-26,24,17,多云~小雨,东南风,3级,41,优,1
2021-04-27,18,16,小雨~阴,东南风,2级,47,优,1
2021-04-28,23,17,阴,东北风,2级,71,良,2
2021-04-29,24,18,阴~晴,西南风,3级,91,良,2
2021-04-30,30,17,多云~小雨,西南风,3级,70,良,2
2021-05-01,26,17,晴,西北风,3级,52,良,2
2021-05-02,22,15,多云,东北风,3级,38,优,1
2021-05-03,24,20,多云~小雨,东南风,4级,45,优,1
2021-05-04,22,16,小雨~阴,西南风,3级,32,优,1
2021-05-05,27,16,晴~多云,东风,2级,75,良,2
2021-05-06,24,20,阴~小雨,东南风,3级,59,良,2
2021-05-07,29,19,多云~晴,西北风,3级,126,轻度污染,3
2021-05-08,29,20,阴~多云,西南风,2级,187,中度污染,4
2021-05-09,33,21,多云,东南风,2级,78,良,2
2021-05-10,33,23,晴~小雨,东南风,3级,47,优,1
2021-05-11,25,22,小雨,东风,微风,60,良,2
2021-05-12,23,20,阴~小雨,东北风,2级,31,优,1
2021-05-13,24,20,小雨,东南风,3级,32,优,1
2021-05-14,29,24,小雨,东南风,2级,40,优,1
2021-05-15,33,23,阴~小雨,南风,2级,46,优,1
2021-05-16,28,17,中雨~小雨,西北风,3级,35,优,1
2021-05-17,23,18,阴~小雨,西北风,2级,49,优,1
2021-05-18,23,17,阴~小雨,东南风,微风,38,优,1
2021-05-19,23,17,小雨,东南风,3级,32,优,1
2021-05-20,20,18,阴,西北风,微风,39,优,1
2021-05-21,25,19,阴,东南风,2级,46,优,1
2021-05-22,26,16,阴~小雨,东南风,微风,38,优,1
2021-05-23,20,18,大雨~小雨,东南风,3级,29,优,1
2021-05-24,28,20,阴~多云,西北风,2级,47,优,1
2021-05-25,31,19,阴~小雨,东南风,2级,82,良,2
2021-05-26,22,19,大雨~小雨,东南风,2级,45,优,1
2021-05-27,28,21,阴~多云,西风,2级,50,优,1
2021-05-28,28,20,阴,西南风,3级,55,良,2
2021-05-29,29,21,晴~多云,东南风,3级,48,优,1
2021-05-30,31,21,多云,东南风,2级,62,良,2
2021-05-31,29,22,多云,东南风,3级,40,优,1
2021-06-01,28,21,小雨,东南风,4级,32,优,1
2021-06-02,22,20,小雨,东南风,3级,32,优,1
2021-06-03,27,20,阴,北风,2级,59,良,2
2021-06-04,26,20,阴~多云,西南风,2级,50,优,1
2021-06-05,32,21,多云~晴,南风,2级,61,良,2
2021-06-06,33,22,晴,东南风,2级,71,良,2
2021-06-07,32,22,阴,东南风,3级,36,优,1
2021-06-08,28,23,阴,东南风,3级,29,优,1
2021-06-09,28,23,阴,东南风,3级,32,优,1
2021-06-10,27,23,小雨,东南风,3级,20,优,1
2021-06-11,30,24,阴,东北风,2级,40,优,1
2021-06-12,30,24,阴~中雨,东南风,3级,33,优,1
2021-06-13,26,23,阴~小雨,东南风,2级,51,良,2
2021-06-14,27,25,阴~小雨,东南风,2级,59,良,2
2021-06-15,32,24,阴~小雨,西南风,2级,55,良,2
2021-06-16,27,23,阴~小雨,北风,3级,32,优,1
2021-06-17,25,24,中雨~小雨,东南风,2级,29,优,1
2021-06-18,27,21,阴~小雨,北风,2级,58,良,2
2021-06-19,21,20,阴,东北风,2级,28,优,1
2021-06-20,26,20,阴~多云,东南风,2级,42,优,1
2021-06-21,31,22,多云~阴,东南风,2级,56,良,2
2021-06-22,32,23,多云,东南风,2级,44,优,1
2021-06-23,34,23,阴~晴,东南风,2级,48,优,1
2021-06-24,32,24,多云~阴,东南风,2级,52,良,2
2021-06-25,31,24,阴~小雨,东南风,3级,37,优,1
2021-06-26,27,23,阴~小雨,东南风,3级,22,优,1
2021-06-27,26,24,阴~小雨,东南风,2级,25,优,1
2021-06-28,28,23,阴,东北风,2级,24,优,1
2021-06-29,30,24,阴,东风,2级,26,优,1
2021-06-30,30,24,阴,东南风,2级,25,优,1
2021-07-01,31,24,阴~小雨,东南风,2级,29,优,1
2021-07-02,28,25,阴~小雨,东南风,2级,31,优,1
2021-07-03,31,25,小雨,西南风,3级,43,优,1
2021-07-04,26,25,阴~小雨,东北风,2级,51,良,2
2021-07-05,35,27,阴,南风,2级,51,良,2
2021-07-06,35,28,阴,南风,3级,29,优,1
2021-07-07,37,28,阴~小雨,西南风,3级,37,优,1
2021-07-08,34,25,阴~小雨,西南风,2级,37,优,1
2021-07-09,33,27,阴~小雨,西南风,2级,36,优,1
2021-07-10,33,27,多云~阴,西南风,3级,38,优,1
2021-07-11,36,28,阴~多云,南风,2级,61,良,2
2021-07-12,38,29,阴,南风,3级,57,良,2
2021-07-13,35,28,阴~晴,东南风,3级,50,优,1
2021-07-14,36,28,阴~多云,东南风,3级,36,优,1
2021-07-15,35,28,晴~阴,东南风,3级,27,优,1
2021-07-16,32,27,阴,东南风,3级,21,优,1
2021-07-17,33,27,阴~多云,东南风,3级,26,优,1
2021-07-18,33,26,多云,东南风,3级,31,优,1
2021-07-19,34,27,阴~多云,东南风,3级,25,优,1
2021-07-20,33,27,阴~多云,东南风,3级,30,优,1
2021-07-21,33,27,晴~多云,东风,3级,25,优,1
2021-07-22,32,27,阴~小雨,东北风,3级,29,优,1
2021-07-23,32,27,阴~小雨,东北风,4级,28,优,1
2021-07-24,27,25,中雨~大雨,东北风,4级,22,优,1
2021-07-25,26,25,暴雨~大雨,东北风,6级,17,优,1
2021-07-26,26,25,暴雨~中雨,东南风,5级,18,优,1
2021-07-27,27,26,中雨,东南风,4级,20,优,1
2021-07-28,31,27,小雨~阴,东南风,4级,23,优,1
2021-07-29,33,27,阴,东南风,3级,32,优,1
2021-07-30,35,27,阴~小雨,西北风,2级,59,良,2
2021-07-31,31,27,阴,东南风,1级,55,良,2
2021-08-01,31,27,阴~多云,东南风,1级,37,优,1
2021-08-02,33,27,阴~小雨,东北风,2级,26,优,1
2021-08-03,31,27,阴~多云,东风,3级,22,优,1
2021-08-04,32,27,多云~晴,东南风,3级,23,优,1
2021-08-05,32,27,阴,东南风,3级,25,优,1
2021-08-06,33,27,阴,东南风,2级,26,优,1
2021-08-07,34,26,多云,东北风,3级,25,优,1
2021-08-08,33,24,多云,北风,3级,27,优,1
2021-08-09,35,27,多云~阴,东南风,2级,43,优,1
2021-08-10,34,26,阴~小雨,东南风,2级,43,优,1
2021-08-11,29,26,阴~大雨,东南风,1级,32,优,1
2021-08-12,31,25,小雨~中雨,东北风,2级,34,优,1
2021-08-13,30,24,阴~大雨,东北风,2级,42,优,1
2021-08-14,25,24,阴~中雨,东北风,2级,33,优,1
2021-08-15,26,23,中雨~小雨,东风,2级,29,优,1
2021-08-16,28,25,阴~小雨,东北风,1级,29,优,1
2021-08-17,30,24,阴~晴,东北风,2级,29,优,1
2021-08-18,32,25,阴,东北风,2级,37,优,1
2021-08-19,32,26,阴,东南风,2级,40,优,1
2021-08-20,32,27,阴~小雨,东南风,3级,38,优,1
2021-08-21,32,26,小雨~多云,西南风,2级,44,优,1
2021-08-22,31,27,阴,东南风,2级,45,优,1
2021-08-23,33,28,阴,东南风,3级,33,优,1
2021-08-24,33,26,阴~中雨,西风,2级,58,良,2
2021-08-25,32,26,阴,西北风,2级,60,良,2
2021-08-26,34,27,阴,东南风,2级,61,良,2
2021-08-27,33,26,阴,西南风,2级,48,优,1
2021-08-28,34,27,晴~多云,东南风,2级,55,良,2
2021-08-29,35,27,多云,东南风,2级,33,优,1
2021-08-30,33,28,多云~阴,东南风,3级,30,优,1
2021-08-31,35,27,多云,东南风,3级,28,优,1
2021-09-01,37,27,多云~阴,东风,2级,58,良,2
2021-09-02,32,26,多云~小雨,东南风,1级,48,优,1
2021-09-03,30,25,小雨~阴,东北风,2级,36,优,1
2021-09-04,31,27,多云~阴,东南风,3级,26,优,1
2021-09-05,33,27,多云~阴,东南风,3级,33,优,1
2021-09-06,32,25,多云~阴,西北风,2级,69,良,2
2021-09-07,29,24,多云~晴,西北风,2级,52,良,2
2021-09-08,28,24,多云~阴,东北风,2级,27,优,1
2021-09-09,30,24,多云~中雨,东南风,2级,31,优,1
2021-09-10,32,25,多云~小雨,东南风,2级,28,优,1
2021-09-11,29,25,多云~小雨,东风,2级,21,优,1
2021-09-12,28,25,多云~大雨,东北风,3级,16,优,1
2021-09-13,25,23,多云~中雨,东北风,5级,11,优,1
2021-09-14,25,24,多云~小雨,西北风,5级,20,优,1
2021-09-15,26,23,多云~阴,北风,3级,27,优,1
2021-09-16,28,21,多云~阴,北风,3级,29,优,1
2021-09-17,29,20,多云~晴,西北风,2级,35,优,1
2021-09-18,30,22,晴,东北风,2级,36,优,1
2021-09-19,30,25,多云~阴,东南风,3级,46,优,1
2021-09-20,33,22,多云,西南风,3级,45,优,1
2021-09-21,31,23,晴,西南风,2级,51,良,2
2021-09-22,34,24,晴~阴,西南风,2级,64,良,2
2021-09-23,35,23,多云,东南风,2级,52,良,2
2021-09-24,31,22,阴~晴,东南风,3级,43,优,1
2021-09-25,30,23,多云,东南风,3级,30,优,1
2021-09-26,31,24,多云,东南风,2级,35,优,1
2021-09-27,32,24,多云,东南风,2级,43,优,1
2021-09-28,32,25,多云~晴,东南风,2级,53,良,2
2021-09-29,33,23,中雨~小雨,西北风,3级,43,优,1
2021-09-30,29,20,多云,北风,2级,23,优,1
2021-10-01,31,22,多云~晴,东南风,1级,32,优,1
2021-10-02,31,23,晴,东南风,2级,47,优,1
2021-10-03,30,24,晴,东南风,4级,40,优,1
2021-10-04,31,24,多云~晴,东南风,4级,36,优,1
2021-10-05,31,24,阴~多云,东南风,3级,38,优,1
2021-10-06,30,24,阴~小雨,东南风,3级,34,优,1
2021-10-07,28,23,小雨~阴,东南风,2级,20,优,1
2021-10-08,30,24,多云~小雨,东风,3级,29,优,1
2021-10-09,29,24,小雨~多云,东南风,3级,27,优,1
2021-10-10,31,22,阴~小雨,东北风,2级,29,优,1
2021-10-11,22,20,小雨~阴,东北风,4级,23,优,1
2021-10-12,24,23,多云~小雨,东北风,3级,34,优,1
2021-10-13,26,24,中雨~晴,东北风,3级,21,优,1
2021-10-14,29,24,小雨,东风,2级,29,优,1
2021-10-15,29,18,小雨,东北风,2级,29,优,1
2021-10-16,19,14,小雨~阴,北风,4级,26,优,1
2021-10-17,17,14,多云~阴,北风,3级,29,优,1
2021-10-18,19,14,多云,东北风,2级,32,优,1
2021-10-19,19,14,阴,西北风,3级,52,良,2
2021-10-20,15,12,中雨~小雨,北风,3级,24,优,1
2021-10-21,16,12,多云~晴,西北风,3级,33,优,1
2021-10-22,18,13,阴,西北风,3级,86,良,2
2021-10-23,20,15,阴,东北风,2级,38,优,1
2021-10-24,21,15,多云~晴,东北风,2级,30,优,1
2021-10-25,20,14,阴~晴,东北风,2级,36,优,1
2021-10-26,21,15,阴~多云,东风,2级,37,优,1
2021-10-27,21,15,阴~多云,东北风,2级,49,优,1
2021-10-28,21,15,阴~晴,东北风,2级,40,优,1
2021-10-29,21,15,多云~阴,东北风,2级,34,优,1
2021-10-30,21,15,晴~多云,北风,2级,37,优,1
2021-10-31,22,15,多云,东北风,2级,34,优,1
2021-11-01,22,16,阴~多云,东北风,2级,67,良,2
2021-11-02,21,13,多云,东北风,3级,59,良,2
2021-11-03,21,15,阴~多云,东南风,2级,47,优,1
2021-11-04,21,17,多云~中雨,东南风,3级,49,优,1
2021-11-05,19,18,中雨~小雨,东南风,3级,30,优,1
2021-11-06,20,16,小雨~阴,东北风,3级,28,优,1
2021-11-07,22,5,小雨,东北风,3级,27,优,1
2021-11-08,9,4,晴~多云,西北风,4级,34,优,1
2021-11-09,12,7,多云~晴,西北风,3级,46,优,1
2021-11-10,15,8,晴,西北风,3级,51,良,2
2021-11-11,16,8,晴~阴,西北风,3级,55,良,2
2021-11-12,16,9,晴~阴,西北风,2级,51,良,2
2021-11-13,19,11,多云~晴,西南风,2级,70,良,2
2021-11-14,19,10,晴,西南风,2级,77,良,2
2021-11-15,19,12,晴~阴,东南风,2级,77,良,2
2021-11-16,19,12,多云~晴,东风,2级,63,良,2
2021-11-17,18,13,多云,东南风,2级,63,良,2
2021-11-18,19,12,多云~晴,东南风,2级,36,优,1
2021-11-19,20,14,多云,东风,2级,47,优,1
2021-11-20,20,13,多云~小雨,东南风,3级,48,优,1
2021-11-21,18,5,多云~小雨,西北风,2级,50,优,1
2021-11-22,10,2,多云~晴,西北风,4级,69,良,2
2021-11-23,9,3,阴~晴,西北风,3级,61,良,2
2021-11-24,14,8,晴,西南风,2级,64,良,2
2021-11-25,17,8,晴~多云,西南风,2级,67,良,2
2021-11-26,17,10,晴,东北风,2级,94,良,2
2021-11-27,16,12,晴~多云,东北风,3级,40,优,1
2021-11-28,18,14,多云~小雨,东南风,3级,29,优,1
2021-11-29,18,9,小雨,东南风,2级,32,优,1
2021-11-30,12,4,多云~晴,西北风,4级,65,良,2
2021-12-01,9,3,多云~晴,西北风,3级,38,优,1
2021-12-02,10,5,多云~晴,西风,2级,42,优,1
2021-12-03,14,4,多云~晴,西北风,2级,64,良,2
2021-12-04,14,7,多云~晴,东北风,1级,62,良,2
2021-12-05,15,9,多云~晴,东南风,2级,41,优,1
2021-12-06,16,8,多云~晴,东南风,1级,40,优,1
2021-12-07,14,10,多云~阴,东北风,2级,68,良,2
2021-12-08,15,11,多云,东北风,2级,57,良,2
2021-12-09,17,9,多云~阴,西南风,2级,60,良,2
2021-12-10,15,9,多云,东北风,2级,139,轻度污染,3
2021-12-11,16,10,多云~阴,东北风,2级,87,良,2
2021-12-12,11,5,小雨~多云,北风,3级,73,良,2
2021-12-13,10,5,阴~晴,北风,2级,42,优,1
2021-12-14,12,7,多云~阴,南风,2级,59,良,2
2021-12-15,13,12,阴~小雨,东南风,2级,81,良,2
2021-12-16,12,6,多云~阴,北风,2级,65,良,2
2021-12-17,10,1,晴,西北风,4级,69,良,2
2021-12-18,7,1,晴,西北风,2级,52,良,2
2021-12-19,10,4,晴~阴,西风,2级,70,良,2
2021-12-20,14,7,多云,西南风,2级,67,良,2
2021-12-21,15,7,晴~多云,西北风,2级,109,轻度污染,3
2021-12-22,15,7,多云~晴,东北风,2级,107,轻度污染,3
2021-12-23,15,10,晴,东风,2级,41,优,1
2021-12-24,15,1,阴,东北风,3级,39,优,1
2021-12-25,4,-1,多云,北风,4级,32,优,1
2021-12-26,2,-2,晴~阴,西北风,3级,39,优,1
2021-12-27,3,-1,多云~阴,西北风,2级,37,优,1
2021-12-28,6,1,多云~晴,南风,1级,74,良,2
2021-12-29,10,1,晴,西北风,3级,82,良,2
2021-12-30,9,2,晴,西北风,2级,110,轻度污染,3
2021-12-31,9,4,多云,东北风,2级,91,良,2
2022-01-01,11,4,阴~晴,东南风,2级,33,优,1
2022-01-02,11,4,晴~多云,北风,2级,96,良,2
2022-01-03,13,6,多云,东风,1级,94,良,2
2022-01-04,13,9,阴~小雨,东风,3级,75,良,2
2022-01-05,11,6,中雨~阴,东北风,3级,30,优,1
2022-01-06,8,5,多云~阴,东北风,3级,30,优,1
2022-01-07,10,4,多云~阴,东北风,2级,47,优,1
2022-01-08,8,5,多云~小雨,东北风,2级,50,优,1
2022-01-09,7,3,小雨~多云,东北风,2级,78,良,2
2022-01-10,8,2,多云~小雨,西北风,2级,139,轻度污染,3
2022-01-11,6,0,晴,西北风,3级,89,良,2
2022-01-12,7,3,晴~多云,东北风,1级,65,良,2
2022-01-13,6,0,多云,西北风,3级,84,良,2
2022-01-14,7,4,阴,东南风,2级,36,优,1
2022-01-15,9,4,多云,西北风,2级,91,良,2
2022-01-16,10,5,多云~阴,东北风,2级,103,轻度污染,3
2022-01-17,11,6,多云,东北风,2级,39,优,1
2022-01-18,11,6,阴~晴,东风,2级,54,良,2
2022-01-19,13,5,多云,东北风,2级,52,良,2
2022-01-20,8,4,多云~阴,东北风,3级,51,良,2
2022-01-21,9,6,多云~阴,东北风,2级,26,优,1
2022-01-22,10,9,小雨,东风,2级,30,优,1
2022-01-23,11,7,中雨~小雨,东北风,3级,27,优,1
2022-01-24,8,5,多云~小雨,北风,3级,70,良,2
2022-01-25,8,5,多云~小雨,北风,2级,112,轻度污染,3
2022-01-26,8,6,中雨~小雨,东北风,2级,67,良,2
2022-01-27,7,4,小雨,东北风,3级,52,良,2
2022-01-28,6,3,阴~小雨,东北风,3级,31,优,1
2022-01-29,5,3,小雨,北风,3级,35,优,1
2022-01-30,6,1,小雨~多云,西北风,3级,32,优,1
2022-01-31,8,3,多云~阴,西北风,1级,72,良,2
2022-02-01,8,3,多云~小雨,东北风,2级,122,轻度污染,3
2022-02-02,6,2,多云~小雨,东北风,2级,38,优,1
2022-02-03,6,2,阴~多云,东北风,2级,24,优,1
2022-02-04,8,1,晴,西北风,2级,37,优,1
2022-02-05,7,0,晴~多云,北风,3级,66,良,2
2022-02-06,6,3,多云~小雨,东北风,2级,28,优,1
2022-02-07,4,3,中雨~小雨,东北风,3级,19,优,1
2022-02-08,7,3,多云,东北风,2级,19,优,1
2022-02-09,7,3,小雨~阴,东北风,2级,25,优,1
2022-02-10,9,4,多云,东北风,2级,37,优,1
2022-02-11,8,5,小雨,东北风,2级,57,良,2
2022-02-12,9,6,多云~小雨,东北风,2级,57,良,2
2022-02-13,7,3,小雨~多云,北风,2级,63,良,2
2022-02-14,11,4,多云~阴,北风,2级,58,良,2
2022-02-15,7,3,多云~阴,东北风,2级,75,良,2
2022-02-16,8,3,多云~阴,东北风,3级,43,优,1
2022-02-17,5,3,多云~小雨,东北风,3级,30,优,1
2022-02-18,7,3,小雨,东北风,3级,24,优,1
2022-02-19,6,0,多云~阴,北风,3级,40,优,1
2022-02-20,4,0,多云,北风,3级,38,优,1
2022-02-21,9,2,多云~阴,东北风,1级,46,优,1
2022-02-22,8,3,阴~小雨,东北风,2级,82,良,2
2022-02-23,8,1,阴~晴,东北风,3级,46,优,1
2022-02-24,9,2,多云~晴,东北风,2级,31,优,1
2022-02-25,12,5,多云~晴,东南风,2级,32,优,1
2022-02-26,17,6,多云~晴,西南风,2级,58,良,2
2022-02-27,15,8,多云~阴,东风,2级,73,良,2
2022-02-28,21,11,阴~小雨,东南风,3级,71,良,2
2022-03-01,18,7,阴,西北风,3级,119,轻度污染,3
2022-03-02,16,7,多云~阴,北风,2级,88,良,2
2022-03-03,18,11,阴~小雨,东南风,2级,85,良,2
2022-03-04,18,8,阴~晴,南风,2级,57,良,2
2022-03-05,15,6,多云~阴,东北风,3级,95,良,2
2022-03-06,12,6,阴~小雨,东北风,2级,46,优,1
2022-03-07,15,7,阴~晴,东北风,2级,46,优,1
2022-03-08,20,9,晴,西南风,2级,65,良,2
2022-03-09,20,11,晴~多云,东南风,3级,69,良,2
2022-03-10,21,14,阴~多云,东南风,3级,69,良,2
2022-03-11,26,15,多云~晴,东南风,2级,65,良,2
2022-03-12,25,16,多云~小雨,东南风,3级,54,良,2
2022-03-13,27,15,多云~阴,南风,2级,55,良,2
2022-03-14,28,12,多云,东北风,2级,73,良,2
2022-03-15,21,14,晴,东南风,2级,63,良,2
2022-03-16,27,19,阴~小雨,东南风,2级,59,良,2
2022-03-17,18,10,中雨~小雨,东风,3级,21,优,1
2022-03-18,11,10,多云,西北风,3级,36,优,1
2022-03-19,13,7,多云~阴,北风,3级,75,良,2
2022-03-20,8,7,大雨~中雨,东北风,2级,30,优,1
2022-03-21,8,7,大雨~中雨,东北风,3级,23,优,1
2022-03-22,10,7,多云~小雨,东北风,3级,34,优,1
2022-03-23,14,8,多云~晴,东北风,2级,35,优,1
2022-03-24,17,14,晴~小雨,东南风,3级,31,优,1
2022-03-25,18,12,大雨~小雨,东南风,4级,28,优,1
2022-03-26,17,11,多云~阴,西北风,3级,43,优,1
2022-03-27,18,9,多云~阴,北风,2级,60,良,2
2022-03-28,14,8,多云~晴,东北风,2级,39,优,1
2022-03-29,19,13,多云~阴,东南风,3级,36,优,1
2022-03-30,24,11,多云~小雨,西南风,3级,39,优,1
2022-03-31,13,8,多云~阴,东北风,3级,49,优,1
2022-04-01,14,7,多云~阴,北风,3级,36,优,1
2022-04-02,16,7,多云~晴,东北风,2级,37,优,1
2022-04-03,15,8,晴,东北风,2级,28,优,1
2022-04-04,19,11,多云~阴,东南风,2级,36,优,1
2022-04-05,14,11,多云~阴,东南风,2级,45,优,1
2022-04-06,25,13,多云,东南风,2级,54,良,2
2022-04-07,27,13,多云,东南风,2级,64,良,2
2022-04-08,27,16,多云~阴,东南风,3级,58,良,2
2022-04-09,28,16,多云,东南风,3级,52,良,2
2022-04-10,26,18,多云~阴,东南风,3级,47,优,1
2022-04-11,32,19,晴~阴,东南风,2级,57,良,2
2022-04-12,33,18,多云~小雨,东南风,2级,50,优,1
2022-04-13,16,14,大雨,东北风,3级,24,优,1
2022-04-14,15,12,小雨~阴,北风,3级,19,优,1
2022-04-15,18,11,多云~阴,北风,3级,29,优,1
2022-04-16,18,11,多云,东北风,2级,51,良,2
2022-04-17,20,14,多云~阴,东风,2级,39,优,1
2022-04-18,20,13,多云,东南风,1级,35,优,1
2022-04-19,22,14,多云~晴,东南风,2级,56,良,2
2022-04-20,24,16,多云~小雨,东南风,3级,63,良,2
2022-04-21,26,17,晴,南风,3级,66,良,2
2022-04-22,29,18,多云~中雨,南风,2级,62,良,2
2022-04-23,20,16,中雨~阴,东南风,2级,32,优,1
2022-04-24,22,18,多云~阴,东南风,2级,15,优,1
2022-04-25,27,20,多云~小雨,东南风,3级,30,优,1
2022-04-26,22,15,小雨~阴,西北风,3级,25,优,1
2022-04-27,22,15,多云~晴,东北风,3级,52,良,2
2022-04-28,20,13,多云~中雨,东北风,2级,73,良,2
2022-04-29,15,12,多云,北风,3级,26,优,1
2022-04-30,17,13,多云~阴,东北风,2级,32,优,1
2022-05-01,21,14,多云~阴,北风,2级,37,优,1
2022-05-02,24,15,多云,西风,2级,62,良,2
2022-05-03,27,16,多云,东南风,2级,73,良,2
2022-05-04,27,15,多云~晴,东南风,3级,75,良,2
2022-05-05,27,18,晴~多云,东南风,3级,36,优,1
2022-05-06,30,18,多云~阴,东南风,3级,37,优,1
2022-05-07,27,17,多云,东北风,3级,25,优,1
2022-05-08,24,16,多云~阴,东北风,3级,31,优,1
2022-05-09,23,17,多云~小雨,东北风,3级,30,优,1
2022-05-10,21,18,多云~阴,东南风,3级,31,优,1
2022-05-11,22,18,多云~阴,东北风,2级,30,优,1
2022-05-12,19,16,小雨,东北风,2级,26,优,1
2022-05-13,16,14,小雨~多云,东北风,3级,29,优,1
2022-05-14,22,16,多云~阴,东北风,2级,36,优,1
2022-05-15,22,16,多云~阴,西北风,2级,37,优,1
2022-05-16,26,17,多云,西南风,2级,54,良,2
2022-05-17,28,17,晴~多云,南风,3级,71,良,2
2022-05-18,27,17,多云~阴,东南风,3级,44,优,1
2022-05-19,22,18,多云~小雨,东南风,3级,40,优,1
2022-05-20,21,18,小雨~阴,东北风,2级,38,优,1
2022-05-21,26,18,多云~阴,东风,2级,29,优,1
2022-05-22,27,19,多云~阴,东南风,3级,37,优,1
2022-05-23,26,19,多云~小雨,东南风,3级,26,优,1
2022-05-24,19,18,小雨~多云,东南风,3级,22,优,1
2022-05-25,26,19,多云~阴,东南风,2级,30,优,1
2022-05-26,22,20,多云~阴,东风,2级,36,优,1
2022-05-27,28,20,多云~阴,东南风,2级,65,良,2
2022-05-28,24,20,小雨,东南风,3级,35,优,1
2022-05-29,24,23,小雨~阴,南风,2级,27,优,1
2022-05-30,30,20,多云,北风,2级,57,良,2
2022-05-31,29,20,多云~小雨,东南风,3级,27,优,1
2022-06-01,29,21,多云,西南风,2级,50,优,1
2022-06-02,28,21,多云,东南风,3级,67,良,2
2022-06-03,26,22,多云~小雨,东南风,3级,25,优,1
2022-06-04,29,23,小雨,东南风,3级,30,优,1
2022-06-05,25,20,大雨~多云,西北风,2级,28,优,1
2022-06-06,32,21,多云~小雨,西南风,2级,47,优,1
2022-06-07,29,18,多云,北风,3级,46,优,1
2022-06-08,29,21,多云,东南风,2级,31,优,1
2022-06-09,28,21,晴~阴,东南风,3级,41,优,1
2022-06-10,23,21,小雨~阴,东南风,3级,28,优,1
2022-06-11,24,21,多云~阴,东北风,3级,33,优,1
2022-06-12,23,20,阴~小雨,东南风,2级,33,优,1
2022-06-13,23,20,小雨~阴,东风,2级,25,优,1
2022-06-14,29,22,多云~晴,南风,2级,56,良,2
2022-06-15,34,24,多云~晴,南风,2级,81,良,2
2022-06-16,32,24,多云~晴,东南风,2级,76,良,2
2022-06-17,34,24,多云~阴,东南风,2级,52,良,2
2022-06-18,33,24,阴,东南风,3级,36,优,1
2022-06-19,31,24,多云~小雨,东南风,2级,48,优,1
2022-06-20,31,24,多云,东风,2级,20,优,1
2022-06-21,29,25,多云,东风,2级,26,优,1
2022-06-22,34,29,阴~多云,西南风,3级,42,优,1
2022-06-23,37,27,阴~小雨,西南风,3级,31,优,1
2022-06-24,26,25,小雨,西南风,3级,22,优,1
2022-06-25,32,27,多云,西南风,3级,36,优,1
2022-06-26,35,27,多云~阴,南风,3级,35,优,1
2022-06-27,36,28,阴,南风,3级,26,优,1
2022-06-28,33,26,多云~小雨,南风,3级,28,优,1
2022-06-29,35,26,大雨~小雨,南风,3级,30,优,1
2022-06-30,32,26,多云,东南风,3级,23,优,1
2022-07-01,32,26,晴,东南风,4级,23,优,1
2022-07-02,32,26,多云~晴,东南风,3级,20,优,1
2022-07-03,32,26,多云~阴,东南风,3级,21,优,1
2022-07-04,34,27,阴~多云,东南风,2级,19,优,1
2022-07-05,37,29,多云~阴,东南风,3级,35,优,1
2022-07-06,36,29,阴~多云,南风,3级,34,优,1
2022-07-07,36,28,多云~晴,西南风,1级,40,优,1
2022-07-08,38,29,多云~晴,西南风,1级,38,优,1
2022-07-09,37,29,阴~多云,东北风,2级,46,优,1
2022-07-10,40,30,多云~小雨,西南风,2级,57,良,2
2022-07-11,37,30,多云~阴,东南风,2级,35,优,1
2022-07-12,38,30,多云~阴,东南风,2级,53,良,2
2022-07-13,40,30,多云~阴,南风,2级,58,良,2
2022-07-14,40,31,多云~阴,西南风,2级,51,良,2
2022-07-15,37,27,小雨,西北风,2级,52,良,2
2022-07-16,32,28,小雨~阴,东北风,1级,48,优,1
2022-07-17,37,27,中雨~小雨,西南风,2级,52,良,2
2022-07-18,33,27,小雨~阴,西风,2级,38,优,1
2022-07-19,31,27,小雨~阴,东北风,1级,36,优,1
2022-07-20,38,28,多云~阴,西南风,2级,41,优,1
2022-07-21,34,27,阴,西北风,2级,30,优,1
2022-07-22,36,29,多云~阴,西北风,2级,68,良,2
2022-07-23,38,27,多云~晴,西风,3级,51,良,2
2022-07-24,33,27,阴~多云,西北风,2级,56,良,2
2022-07-25,35,29,多云,东南风,3级,48,优,1
2022-07-26,36,27,阴~中雨,东南风,2级,50,优,1
2022-07-27,37,29,多云~阴,东南风,2级,57,良,2
2022-07-28,33,28,阴~晴,东南风,2级,47,优,1
2022-07-29,33,28,多云~小雨,东南风,3级,21,优,1
2022-07-30,32,27,小雨~阴,东北风,2级,22,优,1
2022-07-31,36,28,多云~阴,西北风,2级,29,优,1
2022-08-01,36,28,多云,北风,2级,34,优,1
2022-08-02,36,29,阴~多云,东南风,2级,50,优,1
2022-08-03,36,28,多云~晴,东南风,3级,26,优,1
2022-08-04,37,30,晴,东南风,3级,28,优,1
2022-08-05,40,29,晴,南风,2级,50,优,1
2022-08-06,36,29,多云~晴,西南风,2级,42,优,1
2022-08-07,38,29,多云~晴,南风,3级,34,优,1
2022-08-08,38,29,晴,东南风,3级,25,优,1
2022-08-09,38,29,多云~阴,南风,3级,31,优,1
2022-08-10,40,29,阴,南风,2级,40,优,1
2022-08-11,40,29,多云~阴,东南风,2级,48,优,1
2022-08-12,39,29,小雨~多云,南风,2级,50,优,1
2022-08-13,39,29,多云,南风,2级,56,良,2
2022-08-14,39,29,多云,东南风,2级,40,优,1
2022-08-15,39,29,多云,南风,3级,42,优,1
2022-08-16,39,26,阴~小雨,西南风,2级,41,优,1
2022-08-17,35,28,阴,东北风,2级,44,优,1
2022-08-18,36,29,阴,东南风,2级,42,优,1
2022-08-19,40,30,多云,南风,3级,34,优,1
2022-08-20,38,28,阴,西北风,2级,45,优,1
2022-08-21,32,28,多云~小雨,东风,2级,41,优,1
2022-08-22,39,30,多云~阴,南风,2级,46,优,1
2022-08-23,39,28,大雨~阴,东北风,2级,58,良,2
2022-08-24,30,28,阴~多云,东北风,3级,34,优,1
2022-08-25,34,26,多云~中雨,东北风,2级,32,优,1
2022-08-26,29,25,多云~中雨,东北风,2级,35,优,1
2022-08-27,27,24,小雨~多云,东北风,2级,31,优,1
2022-08-28,29,25,多云~阴,东风,3级,29,优,1
2022-08-29,33,27,阴,东南风,3级,36,优,1
2022-08-30,33,25,阴~小雨,东北风,2级,45,优,1
2022-08-31,26,23,小雨~阴,北风,3级,25,优,1
2022-09-01,29,24,多云~阴,东北风,3级,35,优,1
2022-09-02,28,24,多云~小雨,东北风,3级,29,优,1
2022-09-03,30,25,小雨,东北风,3级,21,优,1
2022-09-04,32,26,小雨,东北风,3级,21,优,1
2022-09-05,24,20,中雨~多云,西北风,4级,17,优,1
2022-09-06,30,23,多云,西北风,2级,65,良,2
2022-09-07,33,24,阴,东南风,2级,76,良,2
2022-09-08,31,23,阴~多云,东风,2级,42,优,1
2022-09-09,30,22,多云~晴,东北风,2级,32,优,1
2022-09-10,30,22,多云~晴,东北风,2级,34,优,1
2022-09-11,29,24,多云~小雨,东北风,2级,31,优,1
2022-09-12,27,22,小雨~大雨,东北风,2级,29,优,1
2022-09-13,25,23,多云~大雨,东北风,3级,21,优,1
2022-09-14,25,23,多云~暴雨,东北风,4级,20,优,1
2022-09-15,26,22,多云~晴,西南风,4级,21,优,1
2022-09-16,29,23,阴~多云,西风,1级,49,优,1
2022-09-17,30,23,多云~晴,北风,2级,58,良,2
2022-09-18,27,22,多云,西北风,3级,38,优,1
2022-09-19,28,20,晴,西北风,4级,58,良,2
2022-09-20,26,21,多云,北风,3级,43,优,1
2022-09-21,24,20,多云,东北风,2级,32,优,1
2022-09-22,28,21,多云,东南风,2级,37,优,1
2022-09-23,28,18,多云,北风,3级,52,良,2
2022-09-24,25,20,多云~晴,东北风,3级,30,优,1
2022-09-25,26,20,阴~多云,东北风,2级,32,优,1
2022-09-26,25,21,多云,东北风,2级,36,优,1
2022-09-27,27,20,多云,东北风,2级,31,优,1
2022-09-28,24,20,小雨,东北风,2级,32,优,1
2022-09-29,26,22,多云,东北风,2级,31,优,1
2022-09-30,25,23,阴~多云,东南风,2级,28,优,1
2022-10-01,31,25,阴~晴,东南风,3级,43,优,1
2022-10-02,32,25,晴,东南风,3级,31,优,1
2022-10-03,36,22,阴,东南风,3级,41,优,1
2022-10-04,24,18,小雨~阴,北风,4级,28,优,1
2022-10-05,20,16,阴,东北风,3级,27,优,1
2022-10-06,18,15,小雨,东北风,3级,22,优,1
2022-10-07,18,16,小雨~阴,东北风,3级,22,优,1
2022-10-08,19,15,多云~小雨,东北风,2级,31,优,1
2022-10-09,21,12,阴~多云,西北风,3级,41,优,1
2022-10-10,18,11,阴~多云,西北风,3级,45,优,1
2022-10-11,19,15,阴~多云,北风,2级,34,优,1
2022-10-12,20,16,阴~多云,东北风,2级,28,优,1
2022-10-13,22,18,阴~多云,东北风,2级,29,优,1
2022-10-14,22,16,多云,东北风,2级,37,优,1
2022-10-15,23,17,阴,东北风,2级,40,优,1
2022-10-16,22,16,多云,东北风,2级,44,优,1
2022-10-17,21,12,多云~晴,北风,4级,55,良,2
2022-10-18,19,13,晴,北风,3级,31,优,1
2022-10-19,20,14,阴~晴,东北风,2级,29,优,1
2022-10-20,22,15,多云,东风,2级,31,优,1
2022-10-21,25,18,多云~晴,东南风,2级,40,优,1
2022-10-22,25,16,多云~晴,东北风,2级,45,优,1
2022-10-23,21,14,晴,东北风,3级,41,优,1
2022-10-24,21,14,晴~阴,东北风,3级,31,优,1
2022-10-25,20,15,多云,东北风,3级,28,优,1
2022-10-26,20,16,多云~小雨,东风,2级,30,优,1
2022-10-27,20,16,多云~阴,东北风,3级,21,优,1
2022-10-28,19,15,多云~阴,东北风,3级,36,优,1
2022-10-29,21,16,多云,东北风,3级,30,优,1
2022-10-30,22,17,多云,东北风,3级,35,优,1
2022-10-31,22,15,多云~阴,东北风,3级,30,优,1
2022-11-01,21,15,多云,东北风,3级,38,优,1
2022-11-02,21,13,晴~多云,东北风,2级,50,优,1
2022-11-03,19,13,晴~多云,东北风,2级,35,优,1
2022-11-04,18,11,多云~晴,东北风,3级,35,优,1
2022-11-05,18,12,多云~晴,东北风,2级,40,优,1
2022-11-06,19,13,多云~晴,东南风,2级,31,优,1
2022-11-07,22,14,晴,东南风,2级,37,优,1
2022-11-08,22,16,晴,东南风,2级,35,优,1
2022-11-09,22,16,多云,东南风,3级,46,优,1
2022-11-10,26,19,多云,东风,2级,57,良,2
2022-11-11,21,20,小雨~多云,东南风,3级,43,优,1
2022-11-12,26,14,多云~阴,东南风,3级,33,优,1
2022-11-13,15,11,多云,北风,3级,33,优,1
2022-11-14,13,9,多云~小雨,西北风,2级,43,优,1
2022-11-15,16,10,多云,北风,2级,82,良,2
2022-11-16,18,14,阴~中雨,东风,2级,100,良,2
2022-11-17,17,14,小雨~阴,东北风,3级,24,优,1
2022-11-18,20,16,多云~小雨,东北风,3级,30,优,1
2022-11-19,20,16,小雨~多云,东北风,2级,46,优,1
2022-11-20,19,14,多云~晴,西北风,2级,66,良,2
2022-11-21,21,16,多云~中雨,东风,2级,62,良,2
2022-11-22,18,14,多云~阴,西南风,3级,56,良,2
2022-11-23,18,13,多云~晴,北风,3级,27,优,1
2022-11-24,18,14,多云~晴,东风,2级,39,优,1
2022-11-25,20,14,多云~晴,东南风,2级,41,优,1
2022-11-26,20,15,多云,东北风,2级,67,良,2
2022-11-27,20,17,多云~阴,东南风,3级,43,优,1
2022-11-28,22,12,中雨~小雨,南风,3级,32,优,1
2022-11-29,15,4,中雨~小雨,北风,4级,29,优,1
2022-11-30,4,3,小雨,西北风,4级,27,优,1
2022-12-01,5,3,多云~小雨,西北风,3级,,,
2022-12-02,8,7,多云~小雨,西北风,2级,,,
2022-12-03,10,8,小雨,北风,3级,,,
2022-12-04,10,7,小雨,东北风,4级,,,
2022-12-05,10,5,多云~晴,西北风,3级,,,
2022-12-06,12,7,多云,东北风,2级,,,
2022-12-07,13,10,多云,东北风,2级,,,
2022-12-08,16,11,多云~小雨,东风,2级,,,
2022-12-09,13,11,小雨,东北风,1级,,,
2022-12-10,12,7,多云~阴,西北风,3级,,,
2022-12-11,10,6,多云,北风,3级,,,
2022-12-12,9,3,多云~晴,西北风,3级,,,
2022-12-13,11,3,晴,西北风,3级,,,
2022-12-14,7,1,晴,北风,2级,,,
2022-12-15,12,5,晴~阴,东南风,2级,,,
2022-12-16,11,0,阴~小雨,东北风,3级,,,
2022-12-17,4,-3,多云~晴,西北风,4级,,,
2022-12-18,4,0,晴,西北风,3级,,,
2022-12-19,9,2,晴,西南风,1级,,,
2022-12-20,12,5,多云~阴,东南风,3级,,,
2022-12-21,11,2,阴~晴,西北风,4级,,,
2022-12-22,6,-1,晴,西北风,4级,,,
2022-12-23,4,-1,晴,西北风,3级,,,
2022-12-24,5,0,晴,西北风,4级,,,
2022-12-25,6,1,多云,西北风,3级,,,
2022-12-26,7,2,多云~晴,西北风,2级,,,
2022-12-27,9,4,多云~阴,北风,2级,,,
2022-12-28,7,5,多云,北风,2级,,,
2022-12-29,6,4,多云,东北风,2级,,,
2022-12-30,7,3,多云~晴,东北风,2级,,,
2022-12-31,10,4,多云,东北风,2级,,,
2023-01-01,8,5,多云~小雨,东北风,2级,98,良,2
2023-01-02,9,4,阴~多云,东北风,2级,80,良,2
2023-01-03,10,3,多云~晴,东北风,2级,24,优,1
2023-01-04,11,5,多云,东风,2级,50,优,1
2023-01-05,12,7,多云,东南风,2级,57,良,2
2023-01-06,14,6,多云~晴,西风,3级,101,轻度污染,3
2023-01-07,15,6,晴,南风,1级,128,轻度污染,3
2023-01-08,16,7,晴,东南风,3级,76,良,2
2023-01-09,16,7,晴,北风,2级,85,良,2
2023-01-10,12,6,晴,东北风,2级,30,优,1
2023-01-11,15,11,晴~多云,东南风,2级,40,优,1
2023-01-12,19,13,阴~小雨,东南风,3级,34,优,1
2023-01-13,17,9,中雨~小雨,东南风,1级,31,优,1
2023-01-14,11,1,小雨~雨夹雪,北风,4级,23,优,1
2023-01-15,0,-1,阴~多云,西北风,4级,31,优,1
2023-01-16,3,0,阴~多云,西北风,3级,45,优,1
2023-01-17,6,0,阴~晴,西北风,2级,56,良,2
2023-01-18,8,1,晴,西北风,2级,69,良,2
2023-01-19,10,3,晴~多云,西南风,2级,74,良,2
2023-01-20,10,2,晴~多云,东北风,3级,89,良,2
2023-01-21,10,7,多云~小雨,东南风,3级,62,良,2
2023-01-22,9,6,小雨,东北风,1级,23,优,1
2023-01-23,8,-1,小雨~雨夹雪,东北风,3级,30,优,1
2023-01-24,0,-4,晴,西北风,4级,46,优,1
2023-01-25,2,-1,多云~晴,北风,1级,28,优,1
2023-01-26,8,0,晴~多云,西北风,2级,52,良,2
2023-01-27,4,-2,多云~晴,西北风,4级,58,良,2
2023-01-28,6,0,晴,西北风,3级,55,良,2
2023-01-29,10,0,晴,西风,3级,57,良,2
2023-01-30,13,5,晴,东南风,1级,63,良,2
2023-01-31,17,5,多云,西南风,2级,58,良,2
2023-02-01,13,3,晴,东北风,3级,65,良,2
2023-02-02,6,4,多云~小雨,东北风,3级,45,优,1
2023-02-03,8,2,多云~晴,东北风,2级,52,良,2
2023-02-04,9,5,多云~小雨,东北风,2级,31,优,1
2023-02-05,10,8,多云~小雨,东风,2级,47,优,1
2023-02-06,10,7,小雨,东北风,2级,34,优,1
2023-02-07,12,6,多云,东北风,2级,34,优,1
2023-02-08,10,7,多云~小雨,东北风,3级,64,良,2
2023-02-09,9,6,中雨~小雨,东风,3级,35,优,1
2023-02-10,8,6,多云~中雨,北风,3级,31,优,1
2023-02-11,10,8,小雨,东北风,3级,25,优,1
2023-02-12,14,6,小雨~中雨,西风,1级,29,优,1
2023-02-13,7,3,小雨~阴,北风,4级,40,优,1
2023-02-14,7,2,多云,西北风,3级,37,优,1
2023-02-15,9,2,晴,西北风,3级,40,优,1
2023-02-16,11,6,晴~多云,东北风,2级,44,优,1
2023-02-17,11,10,多云,东南风,2级,46,优,1
2023-02-18,21,8,多云~小雨,西南风,2级,67,良,2
2023-02-19,11,3,多云~晴,北风,3级,115,轻度污染,3
2023-02-20,12,4,晴,东北风,2级,55,良,2
2023-02-21,7,4,多云,东北风,3级,33,优,1
2023-02-22,8,5,多云~阴,东北风,2级,31,优,1
2023-02-23,7,4,多云~小雨,东北风,2级,28,优,1
2023-02-24,10,4,多云~晴,北风,3级,50,优,1
2023-02-25,9,2,晴,北风,4级,55,良,2
2023-02-26,10,3,晴,东北风,2级,37,优,1
2023-02-27,12,7,多云~晴,东南风,3级,42,优,1
2023-02-28,18,9,晴~小雨,西南风,2级,42,优,1
2023-03-01,16,6,多云,北风,3级,87,良,2
2023-03-02,13,4,多云~晴,东北风,3级,63,良,2
2023-03-03,13,6,多云,东南风,2级,37,优,1
2023-03-04,18,7,晴,东风,2级,49,优,1
2023-03-05,18,9,晴,东南风,3级,54,良,2
2023-03-06,23,10,晴~多云,南风,2级,65,良,2
2023-03-07,23,12,多云,东南风,3级,68,良,2
2023-03-08,24,14,多云,西南风,2级,63,良,2
2023-03-09,25,13,多云~晴,西北风,2级,93,良,2
2023-03-10,27,13,晴~多云,南风,2级,114,轻度污染,3
2023-03-11,22,10,多云~小雨,东南风,3级,57,良,2
2023-03-12,12,5,小雨~多云,北风,4级,68,良,2
2023-03-13,14,7,多云~晴,东南风,2级,52,良,2
2023-03-14,20,11,晴,东南风,3级,55,良,2
2023-03-15,23,9,多云,北风,1级,52,良,2
2023-03-16,15,8,多云~小雨,东北风,4级,69,良,2
2023-03-17,9,7,大雨~多云,东北风,3级,29,优,1
2023-03-18,11,7,多云,东北风,2级,38,优,1
2023-03-19,13,10,多云~小雨,东南风,2级,42,优,1
2023-03-20,14,12,多云~中雨,东南风,2级,49,优,1
2023-03-21,15,13,小雨,东北风,2级,27,优,1
2023-03-22,17,11,小雨,东南风,2级,49,优,1
2023-03-23,13,9,小雨,西北风,3级,104,轻度污染,3
2023-03-24,11,7,小雨~阴,北风,3级,92,良,2
2023-03-25,10,7,多云~阴,北风,2级,48,优,1
2023-03-26,16,7,多云~晴,东北风,3级,60,良,2
2023-03-27,18,7,多云~晴,东风,2级,81,良,2
2023-03-28,20,10,多云,东南风,3级,66,良,2
2023-03-29,16,11,多云~小雨,东南风,3级,58,良,2
2023-03-30,14,11,小雨~阴,东北风,2级,69,良,2
2023-03-31,18,11,多云~阴,东北风,3级,49,优,1
2023-04-01,21,10,多云~晴,东北风,2级,57,良,2
2023-04-02,23,12,晴,东风,3级,55,良,2
2023-04-03,21,15,多云~小雨,东南风,4级,55,良,2
2023-04-04,20,13,多云~小雨,东南风,5级,33,优,1
2023-04-05,17,10,多云,西北风,3级,46,优,1
2023-04-06,13,10,小雨~多云,西北风,2级,60,良,2
2023-04-07,17,8,多云,西北风,3级,80,良,2
2023-04-08,19,10,晴,东北风,1级,55,良,2
2023-04-09,20,12,晴,东南风,3级,50,优,1
2023-04-10,26,17,多云,东南风,3级,49,优,1
2023-04-11,24,13,多云,西风,1级,113,轻度污染,3
2023-04-12,22,13,晴,东北风,3级,229,重度污染,5
2023-04-13,22,16,多云~小雨,东南风,3级,158,中度污染,4
2023-04-14,23,15,多云~阴,西北风,2级,79,良,2
2023-04-15,23,15,多云~小雨,西北风,2级,62,良,2
2023-04-16,27,16,多云~晴,北风,2级,67,良,2
2023-04-17,25,19,晴~多云,东南风,4级,67,良,2
2023-04-18,30,18,多云~中雨,西南风,2级,70,良,2
2023-04-19,23,16,多云,东风,3级,38,优,1
2023-04-20,22,13,多云,东风,3级,38,优,1
2023-04-21,21,13,多云~晴,东北风,3级,52,良,2
2023-04-22,22,14,多云~小雨,东北风,3级,87,良,2
2023-04-23,16,13,多云~小雨,东北风,3级,90,良,2
2023-04-24,15,12,多云~阴,东北风,3级,43,优,1
2023-04-25,16,12,多云,西北风,2级,42,优,1
2023-04-26,22,13,多云~晴,东北风,2级,67,良,2
2023-04-27,22,16,阴~多云,东南风,3级,68,良,2
2023-04-28,28,18,多云~小雨,西南风,2级,56,良,2
2023-04-29,18,13,小雨~晴,西北风,3级,81,良,2
2023-04-30,24,15,多云~晴,西南风,2级,84,良,2
2023-05-01,29,16,晴~多云,东南风,2级,72,良,2
2023-05-02,26,18,阴~多云,东南风,4级,56,良,2
2023-05-03,27,22,多云~阴,东南风,4级,49,优,1
2023-05-04,29,21,小雨~中雨,东南风,3级,32,优,1
2023-05-05,25,17,大雨~阴,西南风,2级,37,优,1
2023-05-06,21,15,多云~小雨,北风,3级,50,优,1
2023-05-07,17,13,多云~阴,西北风,3级,27,优,1
2023-05-08,21,13,多云~晴,东北风,3级,41,优,1
2023-05-09,24,13,多云~阴,东北风,2级,42,优,1
2023-05-10,23,16,多云~阴,东南风,2级,38,优,1
2023-05-11,20,16,多云~阴,北风,1级,45,优,1
2023-05-12,23,17,多云~晴,北风,1级,100,良,2
2023-05-13,27,20,多云,西风,1级,107,轻度污染,3
2023-05-14,31,21,多云~晴,西风,2级,99,良,2
2023-05-15,34,21,晴,西南风,3级,84,良,2
2023-05-16,30,20,多云~小雨,东南风,4级,54,良,2
2023-05-17,21,19,大雨~小雨,东南风,4级,30,优,1
2023-05-18,22,18,小雨~阴,西北风,3级,38,优,1
2023-05-19,23,18,阴~多云,东北风,2级,27,优,1
2023-05-20,24,18,多云~晴,东南风,3级,40,优,1
2023-05-21,28,19,多云~小雨,东南风,3级,45,优,1
2023-05-22,18,14,小雨~阴,北风,3级,71,良,2
2023-05-23,27,18,多云,东北风,2级,77,良,2
2023-05-24,20,17,小雨~晴,东南风,2级,65,良,2
2023-05-25,27,21,晴,东南风,3级,62,良,2
2023-05-26,28,21,多云~小雨,东南风,3级,54,良,2
2023-05-27,26,22,多云~阴,东南风,4级,38,优,1
2023-05-28,32,23,多云~小雨,东南风,3级,41,优,1
2023-05-29,36,23,多云~小雨,东北风,1级,52,良,2
2023-05-30,29,21,多云~阴,东北风,2级,44,优,1
2023-05-31,27,22,多云~阴,东北风,2级,34,优,1
2023-06-01,29,22,阴,东北风,2级,33,优,1
2023-06-02,33,22,多云,北风,2级,65,良,2
2023-06-03,27,20,多云~阴,东北风,3级,52,良,2
2023-06-04,26,21,阴~小雨,东南风,3级,42,优,1
2023-06-05,26,20,中雨~小雨,西南风,2级,43,优,1
2023-06-06,26,20,阵雨~阴,北风,2级,43,优,1
2023-06-07,24,22,阴~小雨,东南风,3级,55,良,2
2023-06-08,31,22,多云,南风,1级,54,良,2
2023-06-09,35,23,晴,南风,2级,70,良,2
2023-06-10,34,23,阴~小雨,东南风,3级,49,优,1
2023-06-11,29,22,阴,东北风,3级,45,优,1
2023-06-12,27,22,阴,东北风,3级,25,优,1
2023-06-13,25,21,多云,东北风,2级,20,优,1
2023-06-14,31,22,小雨~多云,东北风,1级,51,良,2
2023-06-15,31,23,阴~晴,东北风,2级,63,良,2
2023-06-16,29,22,阴~小雨,东南风,3级,66,良,2
2023-06-17,23,21,小雨~中雨,东南风,3级,28,优,1
2023-06-18,24,23,大雨~中雨,东南风,1级,28,优,1
2023-06-19,25,24,大雨~小雨,东南风,2级,26,优,1
2023-06-20,30,24,多云~阴,西北风,2级,42,优,1
2023-06-21,34,24,多云~阴,东北风,2级,75,良,2
2023-06-22,32,23,多云~阴,东南风,1级,84,良,2
2023-06-23,29,21,阴~暴雨,南风,3级,72,良,2
2023-06-24,23,22,暴雨~大雨,东南风,4级,21,优,1
2023-06-25,30,24,多云~小雨,南风,2级,26,优,1
2023-06-26,30,25,多云~小雨,西南风,3级,35,优,1
2023-06-27,32,26,多云,南风,3级,34,优,1
2023-06-28,35,27,多云~阴,南风,3级,43,优,1
2023-06-29,36,26,多云~小雨,西南风,3级,45,优,1
2023-06-30,30,25,小雨~中雨,西风,2级,36,优,1
2023-07-01,34,27,阴~多云,东北风,2级,39,优,1
2023-07-02,35,27,多云~小雨,西南风,1级,58,良,2
2023-07-03,34,28,多云~阴,东北风,1级,44,优,1
2023-07-04,36,27,多云~小雨,西南风,3级,45,优,1
2023-07-05,31,27,多云,西北风,1级,37,优,1
2023-07-06,35,28,多云~阴,西南风,2级,59,良,2
2023-07-07,36,27,小雨,西南风,2级,44,优,1
2023-07-08,28,26,小雨,西南风,2级,36,优,1
2023-07-09,31,27,小雨~中雨,西南风,2级,47,优,1
2023-07-10,32,28,小雨~阴,东南风,1级,35,优,1
2023-07-11,37,28,多云,南风,2级,53,良,2
2023-07-12,38,28,多云,西南风,3级,61,良,2
2023-07-13,37,28,多云,西南风,3级,50,优,1
2023-07-14,37,29,阴,西南风,3级,59,良,2
2023-07-15,36,27,阴~小雨,西南风,2级,48,优,1
2023-07-16,31,27,中雨~小雨,东南风,3级,25,优,1
2023-07-17,33,26,阴~晴,东南风,3级,19,优,1
2023-07-18,34,27,阴~多云,北风,2级,17,优,1
2023-07-19,31,26,阴~中雨,东北风,2级,18,优,1
2023-07-20,27,26,暴雨~小雨,东南风,2级,24,优,1
2023-07-21,34,28,阴~小雨,南风,2级,31,优,1
2023-07-22,32,27,小雨,西南风,3级,28,优,1
2023-07-23,32,26,阴~小雨,西南风,2级,25,优,1
2023-07-24,32,27,阴,东南风,2级,35,优,1
2023-07-25,34,27,阴~多云,东南风,3级,22,优,1
2023-07-26,33,26,阴~小雨,东南风,3级,26,优,1
2023-07-27,31,26,小雨~中雨,东南风,3级,22,优,1
2023-07-28,29,26,阴~中雨,东南风,4级,21,优,1
2023-07-29,28,27,中雨~阴,东南风,4级,23,优,1
2023-07-30,33,27,阴~晴,东南风,4级,18,优,1
2023-07-31,33,27,阴~小雨,东南风,3级,26,优,1
2023-08-01,29,27,中雨~阴,东风,3级,21,优,1
2023-08-02,33,27,阴~小雨,东北风,3级,27,优,1
2023-08-03,32,28,阴~多云,东北风,4级,32,优,1
2023-08-04,33,28,阴~多云,东北风,3级,28,优,1
2023-08-05,34,27,阴~多云,东北风,3级,28,优,1
2023-08-06,36,28,阴~多云,东北风,2级,34,优,1
2023-08-07,35,27,阴~多云,东北风,2级,28,优,1
2023-08-08,34,27,阴~晴,东北风,3级,32,优,1
2023-08-09,34,27,小雨~晴,北风,3级,34,优,1
2023-08-10,35,27,阴~多云,西北风,3级,51,良,2
2023-08-11,36,28,阴~多云,东北风,2级,74,良,2
2023-08-12,36,28,晴,东南风,3级,63,良,2
2023-08-13,36,28,阴~小雨,东风,3级,33,优,1
2023-08-14,33,27,阴~小雨,东北风,3级,27,优,1
2023-08-15,32,27,阴~多云,东北风,2级,30,优,1
2023-08-16,34,27,阴~多云,东南风,2级,38,优,1
2023-08-17,34,27,中雨~阴,东南风,2级,39,优,1
2023-08-18,32,27,阴~多云,东南风,2级,33,优,1
2023-08-19,34,27,阴,东南风,3级,36,优,1
2023-08-20,34,28,阴,东南风,3级,29,优,1
2023-08-21,35,27,阴,西南风,3级,37,优,1
2023-08-22,35,25,中雨,西北风,2级,50,优,1
2023-08-23,32,25,暴雨~多云,北风,2级,38,优,1
2023-08-24,33,26,阴,东北风,2级,47,优,1
2023-08-25,33,27,阴,东北风,3级,41,优,1
2023-08-26,32,26,阴~小雨,东风,3级,34,优,1
2023-08-27,32,27,小雨~阴,东南风,3级,26,优,1
2023-08-28,33,23,中雨,西南风,2级,21,优,1
2023-08-29,23,22,大雨~中雨,西北风,2级,23,优,1
2023-08-30,22,21,小雨,北风,3级,26,优,1
2023-08-31,27,24,阴,东北风,3级,35,优,1
2023-09-01,30,24,阴,东北风,3级,27,优,1
2023-09-02,31,25,晴~小雨,东北风,3级,39,优,1
2023-09-03,30,25,暴雨~阴,东北风,2级,35,优,1
2023-09-04,32,25,阴,东北风,3级,23,优,1
2023-09-05,30,25,阴,东北风,3级,29,优,1
2023-09-06,32,24,阴~晴,东北风,3级,27,优,1
2023-09-07,32,24,阴~晴,东北风,3级,41,优,1
2023-09-08,32,23,阴~晴,东北风,3级,35,优,1
2023-09-09,31,23,阴~多云,东风,2级,33,优,1
2023-09-10,32,24,多云,东南风,3级,38,优,1
2023-09-11,32,25,暴雨~阴,东南风,3级,39,优,1
2023-09-12,29,25,中雨~阴,东南风,2级,30,优,1
2023-09-13,27,23,小雨,东南风,2级,29,优,1
2023-09-14,26,23,小雨,东北风,2级,23,优,1
2023-09-15,28,23,中雨,东北风,1级,26,优,1
2023-09-16,27,23,阴~晴,西北风,1级,34,优,1
2023-09-17,31,24,阴~晴,西北风,1级,59,良,2
2023-09-18,33,26,阴~晴,东南风,3级,54,良,2
2023-09-19,34,26,阴,东南风,3级,32,优,1
2023-09-20,30,23,小雨~多云,西北风,2级,26,优,1
2023-09-21,23,21,小雨,北风,2级,27,优,1
2023-09-22,21,20,大雨~小雨,东北风,2级,23,优,1
2023-09-23,23,18,小雨,东北风,3级,23,优,1
2023-09-24,26,22,小雨~多云,东风,2级,25,优,1
2023-09-25,29,21,阴~多云,北风,1级,45,优,1
2023-09-26,29,24,阴~多云,东北风,2级,51,良,2
2023-09-27,30,24,阴~多云,东风,2级,50,优,1
2023-09-28,29,25,阴,东北风,2级,45,优,1
2023-09-29,29,23,阴~小雨,东南风,2级,48,优,1
2023-09-30,25,19,小雨~晴,西北风,3级,42,优,1
2023-10-01,27,20,多云,东北风,3级,29,优,1
2023-10-02,26,20,多云,东北风,3级,27,优,1
2023-10-03,25,21,阴~多云,东北风,2级,28,优,1
2023-10-04,25,20,阴~晴,东北风,3级,30,优,1
2023-10-05,24,19,阴~多云,东北风,4级,38,优,1
2023-10-06,23,20,阴~小雨,东北风,3级,31,优,1
2023-10-07,22,17,小雨,东北风,4级,27,优,1
2023-10-08,22,18,阴~多云,北风,3级,27,优,1
2023-10-09,22,18,阴~多云,北风,3级,33,优,1
2023-10-10,23,17,阴~多云,东北风,3级,46,优,1
2023-10-11,24,17,晴,东北风,3级,34,优,1
2023-10-12,24,18,小雨,东北风,2级,31,优,1
2023-10-13,17,15,小雨~多云,东北风,2级,31,优,1
2023-10-14,23,15,小雨~晴,西北风,2级,59,良,2
2023-10-15,25,15,小雨~晴,西风,2级,72,良,2
2023-10-16,26,17,阴~晴,东北风,2级,90,良,2
2023-10-17,26,16,晴,东风,2级,65,良,2
2023-10-18,26,18,阴~晴,东南风,3级,54,良,2
2023-10-19,28,16,阴~小雨,西北风,1级,69,良,2
2023-10-20,20,13,阴~晴,西北风,3级,33,优,1
2023-10-21,22,15,阴~晴,东北风,2级,35,优,1
2023-10-22,22,17,阴~晴,东南风,2级,42,优,1
2023-10-23,24,18,多云~晴,东南风,3级,33,优,1
2023-10-24,27,18,阴~晴,东南风,1级,41,优,1
2023-10-25,26,18,阴,东风,2级,61,良,2
2023-10-26,27,18,阴~多云,东北风,2级,56,良,2
2023-10-27,23,16,阴~多云,东北风,3级,57,良,2
2023-10-28,23,16,多云~晴,东风,2级,34,优,1
2023-10-29,24,17,阴~多云,东南风,3级,41,优,1
2023-10-30,24,17,多云~晴,东南风,2级,43,优,1
2023-10-31,26,18,阴~晴,东南风,2级,44,优,1
2023-11-01,28,19,阴~晴,东南风,3级,42,优,1
2023-11-02,26,19,晴,东南风,3级,35,优,1
2023-11-03,28,21,阴,东南风,1级,47,优,1
2023-11-04,26,20,小雨~晴,东南风,3级,35,优,1
2023-11-05,28,13,阴~小雨,南风,4级,23,优,1
2023-11-06,18,10,阴~晴,西北风,4级,34,优,1
2023-11-07,19,14,阴~晴,东北风,2级,52,良,2
2023-11-08,21,16,阴,东南风,3级,49,优,1
2023-11-09,21,13,中雨~小雨,西北风,1级,61,良,2
2023-11-10,15,12,小雨~阴,东北风,4级,26,优,1
2023-11-11,15,9,阴~小雨,东北风,3级,31,优,1
2023-11-12,12,7,阴~多云,西北风,3级,37,优,1
2023-11-13,12,8,阴~晴,西北风,3级,32,优,1
2023-11-14,15,7,晴,西北风,2级,48,优,1
2023-11-15,16,10,多云~小雨,东风,2级,98,良,2
2023-11-16,13,6,阴~晴,西北风,4级,92,良,2
2023-11-17,15,5,晴,西北风,4级,90,良,2
2023-11-18,13,5,多云~晴,西北风,3级,51,良,2
2023-11-19,18,8,晴,西南风,2级,71,良,2
2023-11-20,19,9,晴,东北风,1级,90,良,2
2023-11-21,20,13,晴,东南风,3级,70,良,2
2023-11-22,22,12,阴,西南风,2级,62,良,2
2023-11-23,20,7,晴~多云,西北风,3级,124,轻度污染,3
2023-11-24,12,9,晴~多云,北风,3级,32,优,1
2023-11-25,14,10,晴~阴,东风,3级,28,优,1
2023-11-26,16,11,阴~晴,南风,2级,41,优,1
2023-11-27,17,8,晴,西北风,3级,83,良,2
2023-11-28,16,10,晴~阴,北风,2级,94,良,2
2023-11-29,20,7,晴~阴,西北风,2级,75,良,2
2023-11-30,10,4,阴~多云,西北风,3级,37,优,1
2023-12-01,9,3,晴~阴,西北风,3级,,,
2023-12-02,12,5,阴~晴,东南风,1级,,,
2023-12-03,13,6,多云,东北风,2级,,,
2023-12-04,13,7,阴~晴,南风,2级,,,
2023-12-05,15,8,晴~阴,西风,2级,,,
2023-12-06,17,6,阴~晴,西北风,3级,,,
2023-12-07,18,11,晴,西南风,2级,,,
2023-12-08,21,14,晴~阴,南风,2级,,,
2023-12-09,22,14,阴~多云,西南风,2级,,,
2023-12-10,18,14,小雨,东南风,1级,,,
2023-12-11,13,6,小雨,西北风,3级,,,
2023-12-12,7,6,阴,西北风,3级,,,
2023-12-13,14,13,阴,东南风,2级,,,
2023-12-14,22,10,多云~小雨,西南风,2级,,,
2023-12-15,9,0,小雨~雨夹雪,西北风,4级,,,
2023-12-16,2,-3,阴~晴,西北风,4级,,,
2023-12-17,2,0,晴~阴,西北风,3级,,,
2023-12-18,5,4,小雨~中雨,东北风,2级,,,
2023-12-19,5,0,小雨~晴,西北风,3级,,,
2023-12-20,4,-2,多云~晴,西北风,4级,,,
2023-12-21,0,-4,晴,西北风,4级,,,
2023-12-22,0,-1,晴~阴,西北风,3级,,,
2023-12-23,3,-1,阴~晴,西北风,1级,,,
2023-12-24,6,-1,晴,西北风,3级,,,
2023-12-25,7,1,晴~多云,西北风,2级,,,
2023-12-26,10,6,阴,东南风,2级,,,
2023-12-27,14,4,阴~晴,东南风,1级,,,
2023-12-28,14,7,晴~阴,北风,2级,,,
2023-12-29,12,8,晴~多云,东风,2级,,,
2023-12-30,11,5,阴~晴,西风,2级,,,
2023-12-31,8,3,晴,北风,3级,,,
